data_reg_dt,displacement,enterprise,grade,mileage,modelname,rqno,year_oilprice
2026-06-08 12:00:26,798,NULL,5,13.1,비스토 0.8 MPI,401000001,1581744
2026-06-08 12:00:06,798,NULL,4,16,비스토 0.8 MPI,401000002,1295053
2026-06-08 12:00:06,1343,NULL,3,13.2,리오 1.3 SOHC(4Dr),401000007,1569761
2026-06-08 12:00:02,796,NULL,3,18.1,마티즈,401000041,1144798
2026-06-08 12:00:02,1998,NULL,4,9.5,매그너스 2.0 DOHC,401000053,2181142
2026-06-08 12:00:03,1998,NULL,3,12,매그너스 2.0 SOHC,401000056,1726738
2026-06-08 12:00:05,1838,NULL,3,12.2,SM518,401000058,1698430
2026-06-08 12:00:01,1995,NULL,4,9.5,SM520V,401000063,2181142
2026-06-08 12:00:26,2295,NULL,4,8.2,체어맨,401000065,2526933
2026-06-08 12:00:05,2299,NULL,2,11.1,무쏘 2.3,401000069,1607635
2026-06-08 12:00:25,2874,NULL,1,10.5,무쏘 2.9,401000071,1699500
2026-06-08 12:00:01,2299,NULL,3,9.2,코란도 2.3,401000074,1939647
2026-06-08 12:00:01,2299,NULL,2,11.3,코란도 2.3,401000075,1579181
2026-06-08 12:00:01,2874,NULL,2,9,코란도 2.9,401000076,1982750
2026-06-08 12:00:01,2874,NULL,2,9,코란도 2.9,401000078,1982750
2026-06-08 12:00:01,2874,NULL,1,11,코란도 2.9,401000079,1622250
2026-06-08 12:00:01,3199,NULL,3,6.8,코란도 가솔린 3.2,401000081,3047184
2026-06-08 12:00:05,1495,NULL,4,11.5,베르나1.5 DOHC 4Door Sedan,401000090,1801813
2026-06-08 12:00:02,2497,NULL,4,8.1,다이너스티 2.5DOHC,401000121,2558130
2026-06-08 12:00:05,2393,NULL,3,8.6,Audi A4 Cabriolet 2.4,401000143,2409401
2026-06-08 12:00:04,2393,NULL,4,8,Audi A6 2.4 Quattro,401000146,2590106
2026-06-08 12:00:04,2736,NULL,2,8.8,Sebring(2Door),401000155,2354642
2026-06-08 12:00:27,1995,NULL,3,10.8,BMW 318I,401000166,1918597
2026-06-08 12:00:06,2171,NULL,3,8.8,BMW 320i,401000167,2354642
2026-06-08 12:00:01,2171,NULL,4,8.3,BMW 520i,401000168,2496488
2026-06-08 12:00:01,3600,NULL,2,7.6,BMW 735i,401000175,2726428
2026-06-08 12:00:06,1985,사브,5,8.3,사브 9-5 Linear,401000181,2496488
2026-06-08 12:00:27,4564,NULL,3,7.3,캐딜락 스빌 STS,401000185,2838473
2026-06-08 12:00:06,2997,NULL,2,9.1,렉서스 GS 300,401000187,2277016
2026-06-08 12:00:25,1988,NULL,4,9.2,이스케이프,401010003,2252266
2026-06-08 12:00:02,1998,NULL,5,7.7,매그너스 2.0 LPG,401010007,1540500
2026-06-08 12:00:05,2476,NULL,3,9,갤로퍼Ⅱ 2.5TC밴,401010014,1982750
2026-06-08 12:00:04,1795,NULL,4,10.1,라비타 1.8 DOHC,401010015,2051569
2026-06-08 12:00:01,1795,NULL,3,11.4,라비타 1.8 DOHC,401010016,1817618
2026-06-08 12:00:06,2979,NULL,2,8.9,BMW 530i,401010022,2328185
2026-06-08 12:00:05,2687,NULL,2,8.6,포르쉐 Boxster TIP,401010028,2409401
2026-06-08 12:00:05,3596,NULL,3,7.4,포르쉐 911 Carrera Cabriolet,401010030,2800115
2026-06-08 12:00:06,1984,NULL,3,12,Audi A4 2.0,401010032,1726738
2026-06-08 12:00:06,1975,NULL,5,7,카렌스 2.0 LPG,401010041,1694550
2026-06-08 12:00:04,1975,NULL,4,8.4,카렌스 2.0LPG,401010042,1412125
2026-06-08 12:00:06,2957,NULL,1,10.6,프레지오 3밴,401010048,1683467
2026-06-08 12:00:02,2957,NULL,2,9.8,프레지오 3밴,401010049,1820893
2026-06-08 12:00:02,1998,NULL,4,9.9,레조 2.0 DOHC,401010053,2093015
2026-06-08 12:00:04,2476,NULL,4,8.9,갤로퍼Ⅱ 2.5TC장축 7인,401010058,2005028
2026-06-08 12:00:04,2476,NULL,4,8.3,갤로퍼Ⅱ 2.5TC 장축 7인,401010059,2149970
2026-06-08 12:00:06,1998,NULL,2,12.6,레조 2.0 DOHC,401010068,1644512
2026-06-08 12:00:01,2299,NULL,2,11.2,무쏘 2.3,401010098,1593281
2026-06-08 12:00:01,2874,NULL,2,9.2,무쏘 2.9,401010099,1939647
2026-06-08 12:00:01,2874,NULL,2,9.8,이스타나,401010101,1820893
2026-06-08 12:00:04,1975,NULL,4,9.7,투스카니 2.0 DOHC (2.0CVVT),401010112,2136170
2026-06-08 12:00:05,4498,NULL,3,6.7,에쿠스리무진 4.5 MPI(4인),401010121,3092664
2026-06-08 12:00:05,2902,NULL,1,10.4,테라칸 2.9TCI 4WD 7인승,401010126,1715841
2026-06-08 12:00:04,2902,NULL,2,9.3,테라칸 2.9TCI 4WD 7인승,401010127,1918790
2026-06-08 12:00:05,3596,NULL,3,6.6,포르쉐 911 Turbo,401010136,3139523
2026-06-08 12:00:06,1975,NULL,5,7.9,옵티마 β2.0 LPG,401010141,1501500
2026-06-08 12:00:06,2995,NULL,2,9.2,렉서스 ES 300,401010143,2252266
2026-06-08 12:00:25,1998,NULL,4,9.9,그랜저XG 2.0 DOHC,401020004,2093015
2026-06-08 12:00:01,2493,NULL,3,8.6,그랜저XG 2.5 DOHC,401020005,2409401
2026-06-08 12:00:05,2656,NULL,3,7.2,그랜저XG 2.7 LPG(대형)택시,401020007,1647479
2026-06-08 12:00:06,2492,NULL,3,9.1,매그너스2.5 DOHC,401020012,2277016
2026-06-08 12:00:05,1495,NULL,4,11.9,클릭1.5 DOHC,401020021,1741248
2026-06-08 12:00:06,4398,NULL,2,7.7,BMW 745i,401020022,2691019
2026-06-08 12:00:04,4293,NULL,1,8.7,렉서스 SC430,401020035,2381707
2026-06-08 12:00:26,2497,NULL,4,8.7,재규어 S-Type 2.5,401020037,2381707
2026-06-08 12:00:04,1975,NULL,3,10.7,아반떼XD 2.0CVVT 4Door Sedan,401020043,1936528
2026-06-08 12:00:04,1991,NULL,1,13.4,싼타페 2.0 디젤 VGT 4WD,401020052,1331698
2026-06-08 12:00:02,2957,NULL,1,10.1,프레지오 그랜드 6밴/3밴,401020063,1766807
2026-06-08 12:00:02,2957,NULL,2,9.1,프레지오 12인승,401020064,1960962
2026-06-08 12:00:06,2957,NULL,900,10.4,프런티어초장축킹캡,401020066,1715841
2026-06-08 12:00:26,1975,NULL,5,8,EF 쏘나타 2.0 LPG,401020070,1482731
2026-06-08 12:00:04,1795,NULL,4,10,EF 쏘나타 1.8 DOHC,401020072,2072085
2026-06-08 12:00:04,1795,NULL,3,11.8,EF 쏘나타 1.8 DOHC,401020073,1756004
2026-06-08 12:00:26,2976,NULL,3,7.8,Audi A6 3.0 Quattro,401020079,2656519
2026-06-08 12:00:25,2656,NULL,3,7.8,오피러스 2.7 DOHC,401020082,2656519
2026-06-08 12:00:26,1997,NULL,4,9.4,EF 쏘나타 2.0 DOHC,401030006,2204346
2026-06-08 12:00:26,1997,NULL,3,11.1,EF 쏘나타 2.0 DOHC,401030007,1866743
2026-06-08 12:00:26,1997,NULL,4,10.1,EF 쏘나타 2.0 DOHC,401030008,2051569
2026-06-08 12:00:04,4498,NULL,3,6.7,에쿠스리무진 4.5 MPI(5인),401030014,3092664
2026-06-08 12:00:06,2476,NULL,3,9.7,그레이스 터보 15인,401030017,1839665
2026-06-08 12:00:05,2476,NULL,3,9,스타렉스단축 2WD 7인승,401030018,1982750
2026-06-08 12:00:06,2476,NULL,3,9.2,스타렉스단축 2WD 7인승,401030019,1939647
2026-06-08 12:00:06,2476,NULL,3,9.4,스타렉스장축 2WD 9인승,401030022,1898378
2026-06-08 12:00:06,2476,NULL,3,9.3,스타렉스장축 2WD 6밴,401030029,1918790
2026-06-08 12:00:06,2497,NULL,2,10.6,스타렉스 7인,401030031,1683467
2026-06-08 12:00:26,2497,NULL,2,11.1,스타렉스장축 9인,401030035,1607635
2026-06-08 12:00:06,2497,NULL,2,11,스타렉스장축 3밴,401030039,1622250
2026-06-08 12:00:26,2972,NULL,4,5.8,스타렉스장축 11인,401030045,2045147
2026-06-08 12:00:05,2972,NULL,4,6.5,스타렉스장축 11인,401030046,1824900
2026-06-08 12:00:06,2607,NULL,900,10.4,포터초장축슈퍼캡,401030054,1715841
2026-06-08 12:00:04,2874,NULL,2,9,렉스턴,401030059,1982750
2026-06-08 12:00:04,2874,NULL,1,10.4,렉스턴,401030060,1715841
2026-06-08 12:00:27,3199,NULL,2,7.7,체어맨 리무진,401030065,2691019
2026-06-08 12:00:06,1793,NULL,3,10.9,스펙트라 1.8 DOHC,401030068,1900995
2026-06-08 12:00:25,2493,NULL,3,8.8,옵티마 리갈 2.5 DOHC,401030069,2354642
2026-06-08 12:00:02,1997,NULL,4,9.4,옵티마 리갈 2.0 DOHC,401030070,2204346
2026-06-08 12:00:01,2299,NULL,3,9.4,무쏘 2.3 - 밴,401030077,1898378
2026-06-08 12:00:01,2874,NULL,2,9.1,무쏘 2.9 - 밴,401030079,1960962
2026-06-08 12:00:01,2874,NULL,1,11,무쏘 2.9 - 밴,401030080,1622250
2026-06-08 12:00:01,2874,NULL,2,9.2,무쏘 2.9 - 밴,401030081,1939647
2026-06-08 12:00:26,2874,NULL,1,11.1,무쏘 2.9 - 밴,401030082,1607635
2026-06-08 12:00:04,2874,NULL,900,10.8,무쏘 - 픽업,401030084,1652292
2026-06-08 12:00:01,2874,NULL,1,11,코란도-소프트탑,401030086,1622250
2026-06-08 12:00:01,2299,NULL,3,9.3,코란도 2.3,401030087,1918790
2026-06-08 12:00:04,2299,NULL,2,11.4,코란도 2.3,401030088,1565329
2026-06-08 12:00:01,2874,NULL,2,9.1,코란도 2.9,401030089,1960962
2026-06-08 12:00:01,2874,NULL,1,11.1,코란도 2.9,401030090,1607635
2026-06-08 12:00:02,2957,NULL,1,10.2,프레지오 12인승,401030103,1749485
2026-06-08 12:00:25,3996,NULL,3,7.3,벤츠 ML400CDI,401030112,2444486
2026-06-08 12:00:06,2967,NULL,5,7.9,재규어 S-Type 3.0,401030114,2622892
2026-06-08 12:00:25,4511,NULL,5,5.6,포르쉐 Cayenne S,401030120,3700152
2026-06-08 12:00:06,1984,NULL,4,10.5,VW Golf GL 2.0,401030122,1973414
2026-06-08 12:00:06,2771,NULL,2,9,VW Passat 2.8 V6 4Motion,401030125,2302317
2026-06-08 12:00:05,2687,NULL,1,10.1,포르쉐 Boxxter,401030132,2051569
2026-06-08 12:00:06,5327,시보레,5,5.7,체비밴 G1500,401030138,3635237
2026-06-08 12:00:25,5972,NULL,5,7.6,BMW 760Li,401030141,2726428
2026-06-08 12:00:06,2319,NULL,3,9.6,볼보 S60 T5,401030143,2158422
2026-06-08 12:00:06,2979,NULL,4,6.7,BMW 730Li,401030150,3092664
2026-06-08 12:00:26,1975,NULL,3,12.4,투스카니 2.0 CVVT,401030157,1671036
2026-06-08 12:00:04,3555,NULL,1,10.2,재규어 3.5(XJ8),401030159,2031456
2026-06-08 12:00:27,1975,NULL,3,10.9,쎄라토 2.0 DOHC,401030164,1900995
2026-06-08 12:00:04,2696,NULL,1,10.4,렉스턴 2.7DI 4WD,401030166,1715841
2026-06-08 12:00:06,2499,NULL,3,10.1,그랜드보이저,401030168,1766807
2026-06-08 12:00:27,1495,NULL,4,11,라비타 1.5 DOHC,401030170,1883714
2026-06-08 12:00:02,1495,NULL,3,13.2,라비타 1.5 DOHC,401030171,1569761
2026-06-08 12:00:06,2902,NULL,4,10,테라칸 2.9TCI 4WD,401030176,1784475
2026-06-08 12:00:02,2685,NULL,2,9.3,짚 그랜드 체로키,401040012,1918790
2026-06-08 12:00:02,4966,NULL,3,6.5,벤츠 E500,401040013,3187823
2026-06-08 12:00:02,2171,NULL,4,7.9,BMW 520i,401040014,2622892
2026-06-08 12:00:02,2497,NULL,2,11.5,쏘렌토 디젤 4 ×2,401040016,1551717
2026-06-08 12:00:02,2497,NULL,3,10.3,쏘렌토 디젤 4 ×2,401040017,1732500
2026-06-08 12:00:02,2497,NULL,2,11.6,쏘렌토 디젤 4 ×4,401040018,1538341
2026-06-08 12:00:02,2497,NULL,3,10.1,쏘렌토 디젤 4 ×4,401040019,1766807
2026-06-08 12:00:02,2902,NULL,2,10,카니발 디젤 2.9,401040021,1784475
2026-06-08 12:00:02,3497,NULL,4,6.6,쏘렌토 3.5 DOHC,401040022,3139523
2026-06-08 12:00:06,2979,NULL,1,9.7,BMW Z4 3.0,401040023,2136170
2026-06-08 12:00:02,2494,NULL,4,7.9,BMW 325Xi,401040025,2622892
2026-06-08 12:00:02,4601,NULL,4,6,에비에이터,401040026,3453475
2026-06-08 12:00:06,2671,NULL,4,6.3,Audi A6 2.7 Quattro,401040028,3289024
2026-06-08 12:00:06,1587,NULL,3,11.8,푸조 206CC 1.6,401040029,1756004
2026-06-08 12:00:06,2946,NULL,1,9.4,푸조 607 3.0,401040031,2204346
2026-06-08 12:00:06,1991,NULL,2,11.9,투싼 2.0디젤 4WD,401040032,1499559
2026-06-08 12:00:06,1991,NULL,1,13.9,투싼 2.0디젤 4WD,401040033,1283795
2026-06-08 12:00:06,1991,NULL,1,14.5,투싼 2.0디젤 2WD,401040035,1230672
2026-06-08 12:00:04,1991,NULL,1,14.4,싼타페 2.0 디젤 VGT 2WD,401040037,1239219
2026-06-08 12:00:04,1991,NULL,3,11.3,싼타페 2.0 디젤 VGT 4WD,401040038,1579181
2026-06-08 12:00:04,1991,NULL,1,13.9,싼타페 2.0 디젤 VGT 4WD,401040039,1283795
2026-06-08 12:00:04,1991,NULL,2,12.3,싼타페 2.0 디젤 WGT 2WD,401040040,1450793
2026-06-08 12:00:02,1991,NULL,1,14.6,싼타페 2.0 디젤 WGT 2WD,401040041,1222243
2026-06-08 12:00:02,2874,NULL,2,9.9,코란도 소프트탑 2WD 자동4단,401040042,1802500
2026-06-08 12:00:02,2874,NULL,1,11,코란도 소프트탑 2WD 수동5단,401040043,1622250
2026-06-08 12:00:02,2696,NULL,1,11.1,로디우스 DI 9인승 2WD,401040044,1607635
2026-06-08 12:00:02,2696,NULL,1,10.2,로디우스 DI 9인승 2WD,401040045,1749485
2026-06-08 12:00:04,2696,NULL,1,10.2,로디우스 DI 11인승 2WD,401040047,1749485
2026-06-08 12:00:25,2497,NULL,4,10,스타렉스 A-ENG 장축 11인,401040062,1784475
2026-06-08 12:00:05,2497,NULL,3,11.1,스타렉스 A-ENG 장축 6밴,401040071,1607635
2026-06-08 12:00:05,2476,NULL,3,10.6,스타렉스 터보인터쿨러 단축 7인,401040072,1683467
2026-06-08 12:00:05,2476,NULL,4,9.4,스타렉스 터보인터쿨러 단축 7인,401040073,1898378
2026-06-08 12:00:26,2476,NULL,4,9.8,스타렉스 터보인터쿨러 단축 3밴,401040074,1820893
2026-06-08 12:00:05,2476,NULL,3,10.8,스타렉스 터보인터쿨러 단축 3밴,401040075,1652292
2026-06-08 12:00:05,2476,NULL,3,10.6,스타렉스 터보인터쿨러 장축 6밴,401040076,1683467
2026-06-08 12:00:05,1341,NULL,3,13,베르나 α-1.3 MPI 4Door Sedan,401040077,1593912
2026-06-08 12:00:05,1341,NULL,2,16.2,베르나 α-1.3 MPI 4Door Sedan,401040078,1279065
2026-06-08 12:00:05,1341,NULL,3,13.3,클릭 1.3 SOHC,401040079,1557959
2026-06-08 12:00:05,2476,NULL,4,8.2,스타렉스 휠체어리프트,401040081,2176189
2026-06-08 12:00:05,1495,NULL,3,13.6,아반떼XD 1.5DOHC,401040082,1523592
2026-06-08 12:00:04,3724,NULL,3,6.7,벤츠 ML350,401040085,3092664
2026-06-08 12:00:04,3199,NULL,1,8.6,벤츠 C320,401040086,2409401
2026-06-08 12:00:26,2497,NULL,3,10.3,스타렉스 7인 4WD,401040090,1732500
2026-06-08 12:00:26,2351,NULL,5,6.5,그레이스 LPG 12인,401040091,1824900
2026-06-08 12:00:26,2656,NULL,4,6.5,오피러스 2.7 LPI,401040097,1824900
2026-06-08 12:00:27,4398,NULL,3,8,BMW X5 4.4i,401040098,2590106
2026-06-08 12:00:26,4966,NULL,2,8.4,벤츠 SL500,401040099,2466768
2026-06-08 12:00:26,3199,NULL,2,8.5,벤츠 C320 4Matic,401040100,2437747
2026-06-08 12:00:26,4172,NULL,4,6.6,Touareg 4.2,401040101,3139523
2026-06-08 12:00:27,2967,NULL,4,9.1,재규어3.0(XJ6),401040102,2277016
2026-06-08 12:00:27,3996,NULL,2,8,재규어 XK8,401040103,2590106
2026-06-08 12:00:27,2476,NULL,900,9.5,포터Ⅱ 터보인터쿨러 슈퍼캡 초장축,401040104,1878395
2026-06-08 12:00:27,2476,NULL,900,10,포터Ⅱ 터보인터쿨러 일반캡 장축,401040105,1784475
2026-06-08 12:00:25,2497,NULL,900,10.9,포터Ⅱ A-ENG 일반캡 장축,401040107,1637133
2026-06-08 12:00:25,2995,NULL,3,8.3,렉서스 RX300,401040108,2496488
2026-06-08 12:00:25,4293,NULL,3,7.3,렉서스 LS430,401040109,2838473
2026-06-08 12:00:25,2997,NULL,1,9.4,Accord EX-V6,401040110,2204346
2026-06-08 12:00:26,4172,NULL,1,10,Audi A8 4.2 Quattro LWB,401040112,2072085
2026-06-08 12:00:25,4172,NULL,2,7.6,Audi RS6,401040113,2726428
2026-06-08 12:00:25,3886,NULL,2,7.6,머스탱,401040115,2726428
2026-06-08 12:00:05,1495,NULL,3,14.3,쎄라토 1.5 DOHC 해치백,401040116,1449010
2026-06-08 12:00:25,1495,NULL,4,12.2,쎄라토 1.5 DOHC 해치백,401040117,1698430
2026-06-08 12:00:25,1975,NULL,3,12,쎄라토 2.0 DOHC 해치백,401040119,1726738
2026-06-08 12:00:25,2497,NULL,4,8.8,스타렉스 하이루프 휠체어리프트 9인,401040120,2027813
2026-06-08 12:00:25,1596,NULL,3,12.3,SM3,401040121,1684622
2026-06-08 12:00:25,1596,르노코리아자동차(주),2,14.5,SM3,401040122,1429024
2026-06-08 12:00:25,3189,NULL,5,6.3,카이엔,401040123,3289024
2026-06-08 12:00:04,2435,NULL,3,9.5,볼보 뉴S40 2.4i,401040125,2181142
2026-06-08 12:00:27,2435,NULL,3,9.4,볼보 뉴S40 2.4,401040126,2204346
2026-06-08 12:00:04,1997,NULL,3,11,푸조 307 2.0,401040128,1883714
2026-06-08 12:00:26,4565,GM,5,6.5,캐딜락 SRX,401040129,3187823
2026-06-08 12:00:04,2476,NULL,4,8.6,스타렉스 휠체어리프트 오토매틱,401040130,2074971
2026-06-08 12:00:04,2521,NULL,2,9.3,볼보 뉴S40T5,401040131,2228048
2026-06-08 12:00:26,3179,NULL,2,8,박스터 S-spider,401040132,2590106
2026-06-08 12:00:04,1975,NULL,3,11.2,카렌스 2.0 DOHC,401040145,1850076
2026-06-08 12:00:04,1975,NULL,4,9.6,카렌스 2.0 DOHC,401040146,2158422
2026-06-08 12:00:04,3497,NULL,3,7.1,쏘렌토 3.5 DOHC,401040147,2918430
2026-06-08 12:00:27,1975,NULL,4,9.2,스포티지 2.0 DOHC,401040148,2252266
2026-06-08 12:00:04,1998,NULL,3,10.7,쏘나타 2.0DOHC,401040149,1936528
2026-06-08 12:00:04,1998,NULL,3,12.1,쏘나타 2.0DOHC,401040150,1712467
2026-06-08 12:00:26,1991,NULL,1,14,KM 2.0 디젤,401040153,1274625
2026-06-08 12:00:26,1991,NULL,1,14.6,X-TREK,401040155,1222243
2026-06-08 12:00:01,1599,NULL,3,12.6,쎄라토1.6DOHC4DR,401040158,1644512
2026-06-08 12:00:01,1599,NULL,3,14.3,쎄라토1.6DOHC5DR,401040159,1449010
2026-06-08 12:00:01,1599,NULL,4,12.2,쎄라토1.6DOHC5DR,401040160,1698430
2026-06-08 12:00:01,1599,NULL,3,12.3,아반떼XD 1.6CVVT 4Door,401040161,1684622
2026-06-08 12:00:01,1599,NULL,2,14.6,아반떼XD 1.6CVVT 4Door,401040162,1419236
2026-06-08 12:00:01,1599,NULL,4,12,아반떼XD 1.6CVVT 5Door,401040163,1726738
2026-06-08 12:00:01,1599,NULL,3,14.1,아반떼XD 1.6CVVT 5Door,401040164,1469564
2026-06-08 12:00:01,3199,NULL,1,10,크로스파이어,401040165,2072085
2026-06-08 12:00:01,1991,NULL,1,14.6,스포티지2.0디젤2WD,401040166,1222243
2026-06-08 12:00:01,1991,NULL,2,13,스포티지2.0디젤2WD,401040167,1372673
2026-06-08 12:00:01,1991,NULL,1,14.1,스포티지2.0디젤4WD,401040168,1265585
2026-06-08 12:00:01,1975,NULL,4,10.4,투스카니 2.0CVVT,401040170,1992389
2026-06-08 12:00:01,1975,NULL,3,11.6,투스카니 2.0CVVT,401040171,1786280
2026-06-08 12:00:01,1975,NULL,3,12.5,투스카니 2.0CVVT,401040172,1657668
2026-06-08 12:00:01,5439,NULL,3,6.5,벤츠 E55AMG,401040173,3187823
2026-06-08 12:00:01,5513,벤츠,5,5.3,Maybach62,401040174,3909594
2026-06-08 12:00:01,999,NULL,000,15.5,모닝 1.0 SOHC,401040175,1336829
2026-06-08 12:00:01,999,NULL,000,18.3,모닝 1.0 SOHC,401040176,1132287
2026-06-08 12:00:26,1598,NULL,3,14.1,라세티 1.6D MT,401040184,1469564
2026-06-08 12:00:26,1399,NULL,1,18,클릭 하이브리드,401040186,1151158
2026-06-08 12:00:02,1599,NULL,2,14.7,프라이드 1.6 CVVT,401040220,1409582
2026-06-08 12:00:02,5733,NULL,5,5.1,포르쉐 카레라 GT,401040225,4062912
2026-06-08 12:00:02,3564,NULL,1,8.6,스테이츠맨3.6,401040229,2409401
2026-06-08 12:00:07,2696,NULL,1,10.9,로디우스 DI 9인승 4WD,401040230,1637133
2026-06-08 12:00:07,2696,NULL,2,9.7,로디우스 DI 9인승 4WD,401040231,1839665
2026-06-08 12:00:02,2494,NULL,5,7.1,BMW X3 2.5i,401050001,2918430
2026-06-08 12:00:05,2979,NULL,4,6.8,BMW X3 3.0i,401050002,3047184
2026-06-08 12:00:05,3564,NULL,5,7.6,캐딜락 STS (3.6L),401050003,2726428
2026-06-08 12:00:05,4565,NULL,5,6.8,캐딜락 STS (4.6L),401050004,3047184
2026-06-08 12:00:07,796,지엠대우,000,16.6,마티즈 0.8S AT,401050005,1248244
2026-06-08 12:00:07,1598,NULL,4,10.2,MINI Cooper S,401050006,2031456
2026-06-08 12:00:07,4293,NULL,4,8.9,렉서스 GS430,401050008,2328185
2026-06-08 12:00:07,2995,NULL,1,10.6,렉서스 GS300,401050009,1954797
2026-06-08 12:00:07,1998,NULL,3,12.3,SM5,401050010,1684622
2026-06-08 12:00:25,4196,재규어,5,7.4,재규어 XJ 4.2,401050011,2800115
2026-06-08 12:00:07,3498,NULL,2,8.2,벤츠 E350,401050014,2526933
2026-06-08 12:00:07,3498,NULL,2,7.8,벤츠 CLS350,401050015,2656519
2026-06-08 12:00:07,3498,NULL,1,9,인피니티 G35 Sedan,401050017,2302317
2026-06-08 12:00:07,3498,NULL,1,8.8,인피니티 G35 Coupe,401050018,2354642
2026-06-08 12:00:07,3498,NULL,5,8.1,인피니티 M35,401050019,2558130
2026-06-08 12:00:07,4494,NULL,5,7.3,인피니티 M45,401050020,2838473
2026-06-08 12:00:07,4494,NULL,5,8.1,인피니티 Q45,401050021,2558130
2026-06-08 12:00:07,1975,NULL,4,9.8,투싼 2.0 DOHC,401050025,2114372
2026-06-08 12:00:07,1975,NULL,3,11.1,투싼 2.0 DOHC,401050026,1866743
2026-06-08 12:00:07,1998,NULL,5,8.7,쏘나타 2.0 LPI,401050027,1363431
2026-06-08 12:00:07,1998,NULL,5,8.7,쏘나타 2.0 LPI,401050028,1363431
2026-06-08 12:00:07,1998,현대,4,10.4,쏘나타 2.0 LPI,401050029,1140563
2026-06-08 12:00:05,1995,NULL,3,10.8,BMW 320i,401050030,1918597
2026-06-08 12:00:07,2996,NULL,2,9.2,BMW 330i,401050032,2252266
2026-06-08 12:00:27,1493,NULL,1,20.5,프라이드 1.5 디젤 5DR,401050034,870476
2026-06-08 12:00:27,1493,NULL,1,16.9,프라이드 1.5 디젤 4DR,401050035,1055902
2026-06-08 12:00:27,1493,NULL,1,20.5,프라이드 1.5 디젤 4DR,401050036,870476
2026-06-08 12:00:27,1493,NULL,1,18.9,쎄라토 1.5 디젤 5DR,401050037,944167
2026-06-08 12:00:27,1493,NULL,2,16,쎄라토 1.5 디젤 5DR,401050038,1115297
2026-06-08 12:00:27,1493,NULL,1,18.9,쎄라토 1.5 디젤 4DR,401050039,944167
2026-06-08 12:00:27,1493,NULL,2,16,쎄라토 1.5 디젤 4DR,401050042,1115297
2026-06-08 12:00:27,2867,NULL,4,8.6,박스터(컨버터블),401050045,2409401
2026-06-08 12:00:27,2656,NULL,4,9.4,그랜저 2.7DOHC,401050047,2204346
2026-06-08 12:00:05,3342,NULL,4,9,그랜저 3.3DOHC,401050048,2302317
2026-06-08 12:00:26,1493,NULL,1,18.9,아반떼XD 1.5디젤,401050050,944167
2026-06-08 12:00:06,2792,NULL,5,7.7,캐딜락 CTS (2.8L),401050052,2691019
2026-06-08 12:00:06,4701,NULL,5,6.6,짚 그랜드 체로키,401050053,3139523
2026-06-08 12:00:06,2967,NULL,2,9.1,파이브헌드레드,401050054,2277016
2026-06-08 12:00:06,4009,NULL,2,8.3,머스탱,401050055,2496488
2026-06-08 12:00:06,3824,NULL,5,7.4,911 카레라 S 카리브올레,401050058,2800115
2026-06-08 12:00:06,4009,랜드로버,5,5.9,디스커버리3,401050060,3512008
2026-06-08 12:00:06,2902,NULL,1,10.2,그랜드카니발 2.9 디젤 WGT 11P,401050062,1749485
2026-06-08 12:00:06,5654,NULL,5,6.7,짚 그랜드 체로키,401050066,3092664
2026-06-08 12:00:06,4000,NULL,5,7.3,BMW 740i,401050068,2838473
2026-06-08 12:00:06,4799,NULL,3,7.3,BMW 750Li,401050069,2838473
2026-06-08 12:00:06,1997,NULL,2,11.7,푸조 807 2.0 HDi FAP,401050070,1525192
2026-06-08 12:00:06,1596,NULL,3,12.6,SM3,401050071,1644512
2026-06-08 12:00:06,1598,지엠대우,3,12.3,라세티 1.6D AT,401050074,1684622
2026-06-08 12:00:06,1598,지엠대우,2,14.4,라세티 1.6D MT,401050075,1438948
2026-06-08 12:00:06,1998,NULL,5,8.8,SM5 LPLi,401050077,1347938
2026-06-08 12:00:06,1998,NULL,4,10.1,SM5 LPLi,401050078,1174441
2026-06-08 12:00:05,2656,NULL,3,7.2,그랜저 2.7LPI(중형),401050081,1647479
2026-06-08 12:00:05,1399,NULL,2,13.5,클릭 1.4DOHC,401050083,1534878
2026-06-08 12:00:05,1399,현대,1,15.6,클릭 1.4DOHC,401050084,1328260
2026-06-08 12:00:05,1599,현대,1,15.3,클릭 1.6DOHC,401050086,1354304
2026-06-08 12:00:06,1997,NULL,1,14.3,푸조 407 2.0 HDi,401050087,1247885
2026-06-08 12:00:25,1997,푸조,1,17.4,푸조 407 2.0 HDi,401050088,1025560
2026-06-08 12:00:26,5439,NULL,3,6.5,벤츠 CLS55AMG,401050089,3187823
2026-06-08 12:00:03,1599,NULL,2,14.9,베르나 1.6DOHC,401050096,1390661
2026-06-08 12:00:03,1493,NULL,1,20.6,베르나 1.5디젤,401050098,866250
2026-06-08 12:00:03,2359,NULL,2,11.1,쏘나타 2.4DOHC,401050099,1866743
2026-06-08 12:00:03,2997,NULL,2,8.6,Benz E280,401050100,2409401
2026-06-08 12:00:04,2359,NULL,2,11.1,로체 2.4 CVVT,401050101,1866743
2026-06-08 12:00:04,2349,르노코리아자동차(주),4,9.8,SM7,401050102,2114372
2026-06-08 12:00:04,1798,NULL,3,10.9,로체 1.8 CVVT,401050103,1900995
2026-06-08 12:00:04,1798,NULL,3,12.3,로체 1.8 CVVT,401050104,1684622
2026-06-08 12:00:04,1998,NULL,3,10.9,로체 2.0 CVVT,401050105,1900995
2026-06-08 12:00:04,1998,NULL,3,12.2,로체 2.0 CVVT,401050106,1698430
2026-06-08 12:00:06,1998,NULL,5,8.8,로체 2.0 LPI,401050107,1347938
2026-06-08 12:00:06,1998,기아,4,10.5,로체 2.0 LPI,401050108,1129700
2026-06-08 12:00:06,2354,NULL,1,11.2,ACCORD EX-L,401050110,1850076
2026-06-08 12:00:06,2997,NULL,1,9.4,ACCORD EX-V6,401050111,2204346
2026-06-08 12:00:06,2188,NULL,1,14.4,싼타페 2.2디젤 2WD,401050113,1239219
2026-06-08 12:00:06,2188,NULL,1,13.9,싼타페 2.2디젤 4WD,401050115,1283795
2026-06-08 12:00:06,1991,NULL,2,14.3,투싼 2.0디젤 4WD,401050116,1247885
2026-06-08 12:00:06,2521,NULL,4,8.4,볼보S60R,401050117,2466768
2026-06-08 12:00:06,3778,NULL,3,8,그랜드카니발 3.8 CVVT,401050118,2590106
2026-06-08 12:00:06,1498,NULL,3,13.3,젠트라 1.5 SOHC,401050119,1557959
2026-06-08 12:00:06,1150,NULL,3,14.3,젠트라 1.2 SOHC,401050121,1449010
2026-06-08 12:00:06,1150,NULL,2,16.5,젠트라 1.2 SOHC,401050122,1255809
2026-06-08 12:00:06,2976,NULL,3,8.1,A6 3.0 Quattro,401050123,2558130
2026-06-08 12:00:04,4163,NULL,5,7.7,A6 4.2 Quattro,401050124,2691019
2026-06-08 12:00:26,1998,NULL,2,11.8,액티언 D20DT 2WD,401050133,1512267
2026-06-08 12:00:26,1998,NULL,3,11.1,카이런 D20DT 4WD,401050135,1607635
2026-06-08 12:00:05,1998,NULL,2,12.2,카이런 D20DT 4WD,401050136,1462684
2026-06-08 12:00:05,1998,NULL,2,11.6,카이런 D20DT 2WD,401050137,1538341
2026-06-08 12:00:05,1998,NULL,2,12.8,카이런 D20DT 2WD,401050138,1394121
2026-06-08 12:00:05,1968,NULL,1,15.7,Golf 2.0 TDI,401050139,1136608
2026-06-08 12:00:05,1984,NULL,3,10.9,Passat 2.0 FSI,401050140,1900995
2026-06-08 12:00:05,2393,NULL,2,9.8,A6 2.4,401050141,2114372
2026-06-08 12:00:05,5462,벤츠,5,6.9,Benz S500,401050142,3003022
2026-06-08 12:00:05,1461,NULL,1,20.7,SM3,401050144,862065
2026-06-08 12:00:05,1399,NULL,1,18.9,프라이드 1.4 하이브리드,401050145,1096341
2026-06-08 12:00:05,1399,NULL,1,18.9,베르나 1.4하이브리드,401050146,1096341
2026-06-08 12:00:05,4293,토요타,4,8.9,렉서스 SC430,401050148,2328185
2026-06-08 12:00:05,2500,토요타,3,11.4,렉서스 IS250,401050149,1817618
2026-06-08 12:00:26,1993,NULL,5,8.6,매그너스 2.0 DOHC LPG AT4,401050150,1379285
2026-06-08 12:00:05,1993,NULL,4,10.1,매그너스 2.0 DOHC LPG MT5,401050151,1174441
2026-06-08 12:00:05,2696,NULL,1,10.6,카이런 D27DT 4WD,401050152,1683467
2026-06-08 12:00:05,2696,NULL,1,12.1,카이런 D27DT 4WD,401050153,1474773
2026-06-08 12:00:05,2792,사브,4,8.7,사브 9-3 Aero,401050157,2381707
2026-06-08 12:00:26,1998,사브,4,10.2,사브 9-3 Arc 5D,401050158,2031456
2026-06-08 12:00:26,1984,NULL,4,10.2,Passat 2.0 TFSI,401050159,2031456
2026-06-08 12:00:26,2736,NULL,2,8.8,세브링,401050160,2354642
2026-06-08 12:00:26,2656,NULL,3,7.4,오피러스 μ2.7 LPI,401050161,1602953
2026-06-08 12:00:26,1993,NULL,3,10.8,토스카 2.0 DOHC,401050165,1918597
2026-06-08 12:00:27,2656,NULL,4,10.5,투스카니 2.7DOHC,401050172,1973414
2026-06-08 12:00:02,1991,NULL,3,12.6,투싼 2.0디젤 2WD,401050174,1416250
2026-06-08 12:00:02,1991,NULL,1,15.2,투싼 2.0디젤 2WD,401050175,1173997
2026-06-08 12:00:26,4498,NULL,5,6.9,에쿠스 4.5DOHC,401050176,3003022
2026-06-08 12:00:02,4498,NULL,5,6.8,에쿠스리무진 4.5DOHC,401050177,3047184
2026-06-08 12:00:02,2972,NULL,3,7.6,오피러스 Σ3.0 DOHC,401050178,2726428
2026-06-08 12:00:25,1582,NULL,1,16,쎄라토 1.6 디젤(5Dr),401050187,1115297
2026-06-08 12:00:26,2993,NULL,3,11,BMW X3 3.0d,401050191,1622250
2026-06-08 12:00:02,2902,NULL,1,10.5,카니발 2.9 디젤 WGT(9P),401060021,1699500
2026-06-08 12:00:02,2902,NULL,1,12.6,카니발 2.9 디젤 WGT(9P),401060022,1416250
2026-06-08 12:00:02,1991,NULL,2,13.4,쏘나타 2.0디젤,401060023,1331698
2026-06-08 12:00:02,1991,NULL,1,17.1,쏘나타 2.0디젤,401060024,1043553
2026-06-08 12:00:02,2967,NULL,2,8.8,프리스타일,401060025,2354642
2026-06-08 12:00:02,4494,NULL,5,7.1,인피니티 FX45,401060026,2918430
2026-06-08 12:00:02,3498,NULL,5,7.9,인피니티 FX35,401060027,2622892
2026-06-08 12:00:02,1984,NULL,3,12,Golf 2.0 GTI,401060029,1726738
2026-06-08 12:00:02,3123,NULL,1,8.6,A8 3.2 FSI,401060031,2409401
2026-06-08 12:00:06,4799,BMW,5,7.3,BMW 650i,401060032,2838473
2026-06-08 12:00:02,3471,NULL,5,8.1,LEGEND,401060033,2558130
2026-06-08 12:00:02,3498,NULL,5,7.8,Benz E350 4Matic,401060034,2656519
2026-06-08 12:00:02,3498,NULL,3,7,Benz ML350,401060035,2960121
2026-06-08 12:00:25,1991,NULL,2,13.5,로체 2.0 디젤,401060036,1321833
2026-06-08 12:00:02,1991,NULL,1,17.3,로체 2.0 디젤,401060037,1031488
2026-06-08 12:00:02,4799,NULL,5,7.3,BMW 750Li,401060039,2838473
2026-06-08 12:00:01,4000,NULL,5,7.3,BMW 740Li,401060040,2838473
2026-06-08 12:00:01,4999,BMW,5,6,BMW M5,401060041,3453475
2026-06-08 12:00:01,4009,포드,5,6.5,익스플로러,401060042,3187823
2026-06-08 12:00:27,2696,NULL,1,11.8,렉스턴 2.7DI 2WD,401060044,1512267
2026-06-08 12:00:25,2987,NULL,5,8.2,짚 커맨더,401060063,2176189
2026-06-08 12:00:05,1591,NULL,2,13.2,쎄라토 γ1.6 CVVT(4DR),401060100,1569761
2026-06-08 12:00:27,1975,NULL,2,13.5,쎄라토 2.0 DOHC(4DR),401060106,1534878
2026-06-08 12:00:04,1598,NULL,3,12.7,칼로스 1.6 DOHC,401060124,1631563
2026-06-08 12:00:04,1598,NULL,2,15,칼로스 1.6 DOHC,401060126,1381390
2026-06-08 12:00:04,5462,NULL,5,7.7,Benz SL500,401060127,2691019
2026-06-08 12:00:04,1968,NULL,2,13.7,Passat 2.0 TDI,401060128,1302536
2026-06-08 12:00:04,1968,NULL,2,14,Jetta 2.0 TDI,401060129,1274625
2026-06-08 12:00:04,3598,NULL,2,8,체어맨H 가솔린 3.6,401060130,2590106
2026-06-08 12:00:04,2696,NULL,1,10.2,카이런 2.7DI AWD,401060131,1749485
2026-06-08 12:00:04,1998,NULL,3,10.8,쏘나타 2.0DOHC,401060133,1918597
2026-06-08 12:00:27,1998,NULL,3,12.3,쏘나타 2.0DOHC,401060134,1684622
2026-06-08 12:00:04,1399,NULL,1,18.5,베르나 1.4하이브리드,401060136,1120046
2026-06-08 12:00:04,1968,NULL,2,13.6,Passat Variant 2.0 TDI,401060137,1312114
2026-06-08 12:00:04,3598,NULL,2,8,체어맨 리무진,401060138,2590106
2026-06-08 12:00:04,1582,NULL,1,20.7,쎄라토 1.6 디젤 VGT(5Dr),401060139,862065
2026-06-08 12:00:04,1582,NULL,1,20.7,쎄라토 1.6 디젤 VGT(4Dr),401060140,862065
2026-06-08 12:00:04,1493,NULL,1,17.4,프라이드 1.5 디젤(5Dr),401060141,1025560
2026-06-08 12:00:04,1493,NULL,1,21.6,프라이드 1.5 디젤(5Dr),401060142,826146
2026-06-08 12:00:04,1493,NULL,1,17.4,프라이드 1.5 디젤(4Dr),401060143,1025560
2026-06-08 12:00:07,1399,NULL,3,13.6,프라이드 1.4 DOHC(4Dr),401060145,1523592
2026-06-08 12:00:07,1399,NULL,2,15.8,프라이드 1.4 DOHC(4Dr),401060147,1311446
2026-06-08 12:00:01,1599,NULL,3,13.5,프라이드 1.6 CVVT(4Dr),401060149,1534878
2026-06-08 12:00:07,1599,NULL,3,13.5,프라이드 1.6 CVVT(5Dr),401060150,1534878
2026-06-08 12:00:07,1599,NULL,2,15,프라이드 1.6 CVVT(4Dr),401060151,1381390
2026-06-08 12:00:07,1599,NULL,2,15,프라이드 1.6 CVVT(5Dr),401060152,1381390
2026-06-08 12:00:07,4799,BMW,5,7.2,BMW 550i,401060154,2877896
2026-06-08 12:00:07,2996,NULL,2,8.5,BMW 730i,401060155,2437747
2026-06-08 12:00:06,1997,푸조,2,14.4,푸조 NEW 307SW HDi,401060156,1239219
2026-06-08 12:00:07,2354,혼다,4,10.4,CR-V 2WD,401060157,1992389
2026-06-08 12:00:06,2354,혼다,4,10,CR-V 4WD,401060158,2072085
2026-06-08 12:00:06,1799,혼다,2,13.3,CIVIC 1.8,401060159,1557959
2026-06-08 12:00:04,4608,토요타,4,8.8,렉서스 LS460L,401060189,2354642
2026-06-08 12:00:04,3123,NULL,5,8.1,A8 3.2 FSI NWB quattro,401060191,2558130
2026-06-08 12:00:04,4172,NULL,2,7.6,A8 LWB 4.2 quattro,401060192,2726428
2026-06-08 12:00:04,3189,NULL,1,9.2,Golf R32,401060193,2252266
2026-06-08 12:00:04,3597,NULL,5,7.9,Passat 3.6 4Motion,401060194,2622892
2026-06-08 12:00:04,5998,NULL,5,5.6,Phaeton 6.0,401060195,3700152
2026-06-08 12:00:04,4910,NULL,5,7.2,Touareg 5.0 TDI 4Motion,401060197,2478438
2026-06-08 12:00:04,4172,폭스바겐,5,6.6,Phaeton 4.2,401060198,3139523
2026-06-08 12:00:04,1984,NULL,4,9.9,A4 2.0 TFSI quattro,401060199,2093015
2026-06-08 12:00:04,2967,NULL,4,10.4,A6 3.0 TDI quattro,401060200,1715841
2026-06-08 12:00:26,2967,NULL,4,9.3,Q7 3.0 TDI quattro,401060201,1918790
2026-06-08 12:00:04,4163,NULL,5,6.5,Q7 4.2 FSI quattro,401060202,3187823
2026-06-08 12:00:25,2476,NULL,900,10,포터Ⅱ 터보인터쿨러 일반캡 초장축,401060250,1784475
2026-06-08 12:00:07,2497,NULL,900,10.2,포터Ⅱ A-ENG 더블캡 초장축,401060255,1749485
2026-06-08 12:00:07,2497,NULL,900,10.6,포터Ⅱ A-ENG 더블캡 초장축,401060257,1683467
2026-06-08 12:00:07,2476,NULL,900,8.7,포터Ⅱ 터보인터쿨러 더블캡 초장축,401060258,2051121
2026-06-08 12:00:07,2497,NULL,900,11.3,리베로 A-ENG 슈퍼캡 초장축,401060260,1579181
2026-06-08 12:00:07,2476,NULL,900,10.2,리베로 터보인터쿨러 슈퍼캡 초장축,401060261,1749485
2026-06-08 12:00:07,3387,NULL,4,9.3,카이맨 S,401060262,2228048
2026-06-08 12:00:07,2188,NULL,3,12.5,싼타페 2.2디젤 2WD,401060264,1427580
2026-06-08 12:00:07,2188,NULL,2,14.4,싼타페 2.2디젤 2WD,401060265,1239219
2026-06-08 12:00:07,2188,NULL,3,11.7,싼타페 2.2디젤 4WD,401060266,1525192
2026-06-08 12:00:26,2188,NULL,2,14,싼타페 2.2디젤 4WD,401060267,1274625
2026-06-08 12:00:07,2359,NULL,4,10.4,그랜저 2.4DOHC,401060268,1992389
2026-06-08 12:00:07,2497,NULL,4,8.8,스타렉스 리무진 9인,401060269,2027813
2026-06-08 12:00:07,2902,NULL,900,9.9,봉고 1톤 4X4 장축 더블캡,401060270,1802500
2026-06-08 12:00:07,2902,NULL,900,9.6,봉고 1톤 4X2 초장축 더블캡,401060271,1858828
2026-06-08 12:00:07,2902,NULL,900,10.5,봉고 1톤 4X2 초장축 더블캡,401060272,1699500
2026-06-08 12:00:07,2497,NULL,3,10.7,쏘렌토 2.5 디젤 VGT 4X4(5P),401060273,1667734
2026-06-08 12:00:07,2497,NULL,3,11.8,쏘렌토 2.5 디젤 VGT 4X4(5P),401060274,1512267
2026-06-08 12:00:07,2497,NULL,3,10.9,쏘렌토 2.5 디젤 VGT 4X2(7P),401060275,1637133
2026-06-08 12:00:07,3123,NULL,4,8.8,A6 3.2 FSI quattro,401060276,2354642
2026-06-08 12:00:07,5998,벤틀리,5,5.4,Continental GT 6.0,401060278,3837194
2026-06-08 12:00:04,5998,벤틀리,5,5.4,Continental GTC 6.0,401060279,3837194
2026-06-08 12:00:04,1910,GM,3,12.5,캐딜락 BLS,401060280,1427580
2026-06-08 12:00:04,2429,크라이슬러,4,8.9,PT Cruiser,401060281,2328185
2026-06-08 12:00:00,6209,벤츠,5,5.2,ML63 AMG,401060284,3984779
2026-06-08 12:00:26,2435,NULL,4,9.5,볼보 V50 2.4i,401060304,2181142
2026-06-08 12:00:25,2902,NULL,900,9.9,봉고 1톤 4X4 장축 표준캡,401060306,1802500
2026-06-08 12:00:01,3778,현대,5,8.1,베라크루즈 3.8가솔린 4WD,401070008,2558130
2026-06-08 12:00:06,2979,BMW,4,9.1,BMW 335i,401070010,2277016
2026-06-08 12:00:06,2993,BMW,4,10.5,BMW X5 xDrive30d,401070011,1699500
2026-06-08 12:00:01,4701,NULL,900,5.9,다코타,401070012,3512008
2026-06-08 12:00:25,2360,크라이슬러,4,9.4,세브링,401070014,2204346
2026-06-08 12:00:07,4196,재규어,5,7.4,재규어 XKR,401070018,2800115
2026-06-08 12:00:06,3192,볼보,5,7.8,볼보 XC90 3.2,401070021,2656519
2026-06-08 12:00:07,2035,벤츠,2,12.8,Benz B200,401070024,1618816
2026-06-08 12:00:01,5981,벤츠,5,5.2,Maybach 62S,401070030,3984779
2026-06-08 12:00:06,2996,BMW,4,8.5,BMW 328i Convertible,401070033,2437747
2026-06-08 12:00:06,2979,NULL,4,8.4,BMW 335i Convertible,401070034,2466768
2026-06-08 12:00:07,3778,기아,5,8.3,그랜드카니발 3.8 CVVT,401070040,2496488
2026-06-08 12:00:06,4009,NULL,5,6.5,익스플로러스포츠트랙,401070041,3187823
2026-06-08 12:00:04,3952,NULL,5,6.8,퍼시피카,401070050,3047184
2026-06-08 12:00:26,3192,랜드로버,5,8,프리랜더 3.2,401070051,2590106
2026-06-08 12:00:07,3824,NULL,5,7,911 카레라 4S 파워킷,401070054,2960121
2026-06-08 12:00:07,2656,현대,5,7.4,그랜저 2.7LPI 중형,401070059,1602953
2026-06-08 12:00:07,2656,현대,5,7.6,그랜저 2.7LPI 대형,401070060,1560770
2026-06-08 12:00:07,1998,NULL,4,9.8,G2X,401070061,2114372
2026-06-08 12:00:07,2656,NULL,5,7.5,오피러스 μ2.7 LPI,401070063,1581580
2026-06-08 12:00:04,1998,르노코리아자동차(주),3,11,SM5,401070067,1883714
2026-06-08 12:00:07,1998,르노코리아자동차(주),4,8.9,SM5 LPLi,401070068,1332792
2026-06-08 12:00:01,2497,현대,3,11.6,그랜드 스타렉스 2.5디젤 3밴,401070072,1538341
2026-06-08 12:00:01,2497,현대,3,11.5,그랜드 스타렉스 2.5디젤 11인,401070074,1551717
2026-06-08 12:00:04,2777,크라이슬러,4,9.5,짚랭글러,401070075,1878395
2026-06-08 12:00:07,1998,현대,4,9,쏘나타 2.0LPI(대형),401070079,1317983
2026-06-08 12:00:06,1591,NULL,2,13.8,i30 1.6가솔린,401070082,1501511
2026-06-08 12:00:06,1591,현대,1,16,i30 1.6가솔린,401070083,1295053
2026-06-08 12:00:07,2996,BMW,4,8.8,BMW X3 xDrive30i,401070087,2354642
2026-06-08 12:00:07,3498,벤츠,5,7.1,Benz ML 350,401070089,2918430
2026-06-08 12:00:02,1582,현대,1,20.5,i30 1.6디젤,401070092,870476
2026-06-08 12:00:07,3600,NULL,5,7.2,911 터보 카브리올레,401070094,2877896
2026-06-08 12:00:07,3600,NULL,5,8.1,911 터보 카브리올레,401070095,2558130
2026-06-08 12:00:26,2492,지엠대우,4,10.3,토스카 2.5 DOHC,401070101,2011733
2026-06-08 12:00:07,1995,르노코리아자동차(주),3,12.2,QM5 4WD,401070105,1462684
2026-06-08 12:00:04,2149,벤츠,2,12.9,Benz C220 CDI,401070107,1383314
2026-06-08 12:00:27,2696,NULL,3,10.7,렉스턴 2.7DI 2WD,401070108,1667734
2026-06-08 12:00:05,2497,현대,4,10.5,그랜드 스타렉스 2.5디젤 어린이보호차,401070109,1699500
2026-06-08 12:00:02,2497,현대,3,11.5,그랜드 스타렉스 2.5디젤 어린이보호차,401070110,1551717
2026-06-08 12:00:04,2696,케이지모빌리티,3,10.7,렉스턴 2.7DI CDPF AWD,401070113,1667734
2026-06-08 12:00:26,2696,NULL,4,10.2,카이런 2.7DI AWD,401070114,1749485
2026-06-08 12:00:26,1995,르노코리아자동차(주),2,14.8,QM5 2WD,401070116,1205726
2026-06-08 12:00:02,1995,르노코리아자동차(주),2,14.4,QM5 4WD,401070117,1239219
2026-06-08 12:00:04,3471,혼다,4,9.8,ACCORD 3.5,401070121,2114372
2026-06-08 12:00:26,1206,지엠대우,1,17.5,젠트라 1.2DOHC MT,401070122,1184049
2026-06-08 12:00:02,2521,볼보,4,9.5,볼보C30T5,401070124,2181142
2026-06-08 12:00:26,1984,NULL,3,12.3,Audi TT Roadster 2.0 TFSI,401070128,1684622
2026-06-08 12:00:26,1984,NULL,3,12.3,Audi TT Coupe 2.0 TFSI,401070129,1684622
2026-06-08 12:00:26,2359,NULL,3,11.5,쏘나타 2.4가솔린,401070132,1801813
2026-06-08 12:00:26,2359,기아,3,11.5,로체 2.4가솔린,401070135,1801813
2026-06-08 12:00:04,1998,기아,3,11.5,로체 θⅡ-2.0 CVVT,401070136,1801813
2026-06-08 12:00:26,3598,케이지모빌리티,5,7.5,체어맨W 가솔린 3.6 AWD,401070143,2762780
2026-06-08 12:00:26,4969,토요타,4,9.5,렉서스 LS600hL,401070145,2181142
2026-06-08 12:00:05,2696,NULL,3,11.8,렉스턴 2.7DI 4WD,401070146,1512267
2026-06-08 12:00:27,1998,케이지모빌리티,900,12.6,액티언스포츠 2.0DI 4WD,401070149,1416250
2026-06-08 12:00:05,4163,아우디,5,7.5,A8 4.2 FSI Quattro,401070151,2762780
2026-06-08 12:00:05,4163,NULL,5,7.1,RS4 4.2 Quattro,401070153,2918430
2026-06-08 12:00:26,1968,NULL,2,14.6,Golf 2.0 GT TDI,401070154,1222243
2026-06-08 12:00:04,1968,NULL,2,13.9,Passat 2.0 TDI,401070155,1283795
2026-06-08 12:00:04,1968,NULL,2,13.9,Passat Variant 2.0 TDI,401070156,1283795
2026-06-08 12:00:06,2799,케이지모빌리티,5,8.2,체어맨H 가솔린 2.8,401070158,2526933
2026-06-08 12:00:05,1998,NULL,3,11.1,카이런 2.0DI 2WD,401070159,1607635
2026-06-08 12:00:05,2902,기아,3,10.7,카니발 2.9디젤,401070166,1667734
2026-06-08 12:00:05,1975,NULL,4,9.9,스포티지 2.0 DOHC,401070167,2093015
2026-06-08 12:00:02,2959,기아,3,10.8,모하비 3.0디젤 상시4WD,401070168,1652292
2026-06-08 12:00:26,2959,기아,3,11.1,모하비 3.0디젤 2WD,401070170,1607635
2026-06-08 12:00:02,3342,현대,4,10,제네시스 3.3 가솔린,401070173,2072085
2026-06-08 12:00:26,6761,벤틀리,5,4.7,Arnage RL,401070175,4408691
2026-06-08 12:00:26,2497,현대,900,10.2,포터II 2.5디젤 장축 더블캡,401070177,1749485
2026-06-08 12:00:26,2497,현대,900,11.2,포터II 2.5디젤 장축 더블캡,401070178,1593281
2026-06-08 12:00:04,2496,벤츠,4,9.1,Benz C230,401070181,2277016
2026-06-08 12:00:26,2721,푸조,3,11,푸조 407 2.7 HDi,401070190,1622250
2026-06-08 12:00:06,1995,BMW,4,11.2,BMW 520i,401070193,1850076
2026-06-08 12:00:26,2902,기아,900,10,봉고 1톤 초장축 수퍼캡,401070205,1784475
2026-06-08 12:00:25,3564,GM,4,8.8,캐딜락 STS,401070216,2354642
2026-06-08 12:00:06,3564,NULL,4,8.6,베리타스 3.6,401070233,2409401
2026-06-08 12:00:06,3498,닛산,5,8.3,인피니티 EX35,401070234,2496488
2026-06-08 12:00:05,1984,폭스바겐,3,11.1,New Beetle 2.0,401070238,1866743
2026-06-08 12:00:05,2987,벤츠,4,10,Benz S320CDI,401070240,1784475
2026-06-08 12:00:25,4966,케이지모빌리티,5,7.3,체어맨W 가솔린 5.0 리무진,401080003,2838473
2026-06-08 12:00:06,1598,MINI,2,13,MINI Cooper Clubman,401080015,1593912
2026-06-08 12:00:06,2736,NULL,5,8,세브링 컨버터블,401080022,2590106
2026-06-08 12:00:25,4163,아우디,5,6.7,R8 4.2 FSI Quattro,401080027,3092664
2026-06-08 12:00:27,2736,크라이슬러,4,8.5,300C 2.7L,401080036,2437747
2026-06-08 12:00:25,4244,마세라티,5,6.1,마제라티 그란투리스모,401080040,3396861
2026-06-08 12:00:06,796,지엠대우,900,12.2,라보5MT,401080046,972283
2026-06-08 12:00:06,2198,재규어,2,13.7,재규어 X-TYPE 2.2D,401080048,1302536
2026-06-08 12:00:02,2902,기아,4,10.5,그랜드카니발 2.9디젤 이지무브(11인),401080049,1699500
2026-06-08 12:00:02,2902,NULL,4,10.5,그랜드카니발 2.9디젤 이지무브(8인),401080050,1699500
2026-06-08 12:00:02,2902,기아,4,10.5,그랜드카니발 2.9디젤 하이리무진,401080051,1699500
2026-06-08 12:00:02,2902,기아,3,10.7,카니발 2.9디젤 이지무브,401080052,1667734
2026-06-08 12:00:06,2497,현대,900,10.2,포터II 2.5디젤 초장축 더블캡,401080057,1749485
2026-06-08 12:00:26,2497,현대,900,11.2,포터II 2.5디젤 초장축 더블캡,401080058,1593281
2026-06-08 12:00:26,2497,현대,900,10.2,포터II 2.5디젤 장축 수퍼캡,401080061,1749485
2026-06-08 12:00:04,2696,케이지모빌리티,3,10.7,렉스턴 2.7DI AWD non-CDPF,401080078,1667734
2026-06-08 12:00:05,1998,케이지모빌리티,2,12.9,카이런 2.0DI CDPF 4WD,401080088,1383314
2026-06-08 12:00:04,2360,NULL,4,9.1,짚 패트리어트,401080089,2277016
2026-06-08 12:00:02,2993,BMW,4,10.5,BMW X6 xDrive30d,401080090,1699500
2026-06-08 12:00:05,2902,기아,900,10.4,봉고 3방덤프(4륜구동),401080097,1715841
2026-06-08 12:00:04,1998,케이지모빌리티,3,11.2,카이런 2.0DI CDPF 2WD,401080098,1593281
2026-06-08 12:00:04,1984,폭스바겐,4,10.5,Passat 2.0 TSI,401080104,1973414
2026-06-08 12:00:05,1968,폭스바겐,1,15.1,Passat 2.0 TDI,401080105,1181772
2026-06-08 12:00:05,1968,크라이슬러,1,15.2,세브링 2.0 디젤,401080108,1173997
2026-06-08 12:00:05,5026,닛산,5,7.2,인피니티 FX50,401080111,2877896
2026-06-08 12:00:05,1968,폭스바겐,3,12.2,Tiguan 2.0 TDI,401080114,1462684
2026-06-08 12:00:05,1591,NULL,2,13.8,포르테 1.6 가솔린,401080119,1501511
2026-06-08 12:00:06,1591,NULL,1,15.7,포르테 1.6 가솔린,401080120,1319799
2026-06-08 12:00:06,1591,기아,1,16.1,포르테 1.6 가솔린,401080121,1287009
2026-06-08 12:00:26,3778,현대,4,9.2,제네시스 쿠페 3.8가솔린,401080123,2252266
2026-06-08 12:00:25,1582,기아,1,19.8,쏘울 1.6 디젤,401080129,901250
2026-06-08 12:00:25,2902,기아,900,11.2,봉고 1톤 초장축 수퍼캡(저공해),401080130,1593281
2026-06-08 12:00:05,2687,NULL,4,8.8,카이맨,401080131,2354642
2026-06-08 12:00:02,4196,재규어,5,8,재규어 XF4.2,401080132,2590106
2026-06-08 12:00:05,1998,케이지모빌리티,3,11.9,액티언 2.0DI CDPF 2WD,401080133,1499559
2026-06-08 12:00:02,1998,미쓰비시,3,11.4,랜서,401080134,1817618
2026-06-08 12:00:02,1998,미쓰비시,5,8.1,렌서 에볼루션,401080135,2558130
2026-06-08 12:00:25,1591,NULL,2,13.8,쏘울 1.6 가솔린,401080136,1501511
2026-06-08 12:00:02,4701,크라이슬러,900,5.7,다코타,401080145,3635237
2026-06-08 12:00:25,4308,페라리,5,5.1,페라리F430스쿠데리아,401080147,4062912
2026-06-08 12:00:02,2696,케이지모빌리티,3,10.7,렉스턴 2.7DI CDPF 2WD,401080149,1667734
2026-06-08 12:00:02,6063,NULL,5,5.5,짚 그랜드 체로키 SRT,401080153,3767427
2026-06-08 12:00:05,3800,NULL,4,8.4,911 카레라 S,401080155,2466768
2026-06-08 12:00:02,4806,포르쉐,5,5.4,카이엔 터보 S,401080156,3837194
2026-06-08 12:00:05,2378,미쓰비시,3,11,이클립스,401080158,1883714
2026-06-08 12:00:06,1991,지엠대우,1,19,라세티 2.0 디젤 MT,401080161,939197
2026-06-08 12:00:06,3696,닛산,4,9.5,인피니티 G37S,401080162,2181142
2026-06-08 12:00:05,2967,폭스바겐,4,9.9,Phaeton 3.0 TDI,401080167,1802500
2026-06-08 12:00:25,5204,람보르기니,5,6.5,Gallardo LP560-4,401080176,3187823
2026-06-08 12:00:25,4009,포드,5,8,머스탱,401080178,2590106
2026-06-08 12:00:05,3498,닛산,4,8.8,인피니티 M35,401080181,2354642
2026-06-08 12:00:04,1598,지엠대우,1,15,라세티 1.6DOHC MT,401080182,1381390
2026-06-08 12:00:25,1598,지엠대우,2,13,라세티 1.6DOHC AT,401080183,1593912
2026-06-08 12:00:06,3614,포르쉐,4,8.6,911 카레라,401080184,2409401
2026-06-08 12:00:26,3800,포르쉐,5,8.2,911 카레라 S,401080185,2526933
2026-06-08 12:00:25,3614,포르쉐,4,8.6,911 카레라 카브리올레,401080186,2409401
2026-06-08 12:00:25,3800,포르쉐,5,8.2,911 카레라 S 카브리올레,401080187,2526933
2026-06-08 12:00:06,3498,닛산,4,9.3,무라노,401080188,2228048
2026-06-08 12:00:06,2488,닛산,3,11.8,로그(2WD),401080189,1756004
2026-06-08 12:00:26,1975,기아,3,10.6,스포티지 2.0 DOHC,401080191,1954797
2026-06-08 12:00:26,1975,NULL,3,10.6,투싼 2.0 DOHC,401080192,1954797
2026-06-08 12:00:26,1997,푸조,1,15.6,Nouvelle Peugeot 308SW HDi,401080199,1143894
2026-06-08 12:00:05,3800,포르쉐,5,8,911 카레라 4S 카브리올레,401080200,2590106
2026-06-08 12:00:26,3192,볼보,5,7.8,볼보 S80 3.2AWD,401080201,2656519
2026-06-08 12:00:26,2488,포드,4,10,이스케이프,401080205,2072085
2026-06-08 12:00:26,2488,포드,4,10.2,이스케이프,401080206,2031456
2026-06-08 12:00:05,3342,현대,4,10.1,그랜저 3.3가솔린,401080211,2051569
2026-06-08 12:00:06,1598,MINI,2,13,MINI Cooper Convertible,401080213,1593912
2026-06-08 12:00:26,1598,MINI,3,12.1,MINI Cooper S Convertible,401080214,1712467
2026-06-08 12:00:26,1997,푸조,2,14.7,Nouvelle Peugeot 407 HDi,401080216,1213929
2026-06-08 12:00:26,3999,BMW,5,7.5,BMW M3,401080217,2762780
2026-06-08 12:00:26,4395,BMW,5,6.4,BMW X6 xDrive50i,401080218,3237633
2026-06-08 12:00:05,2359,현대,5,6.8,그랜드스타렉스 2.4LPI 12인,401080221,1744390
2026-06-08 12:00:05,2359,현대,5,7,그랜드스타렉스 2.4LPI 3밴,401080223,1694550
2026-06-08 12:00:05,2359,현대,5,8,그랜드스타렉스 2.4LPI 3밴,401080224,1482731
2026-06-08 12:00:06,1995,BMW,1,15.9,BMW 320d,401080226,1122311
2026-06-08 12:00:26,2656,현대,3,10.6,그랜저 2.7가솔린,401080228,1954797
2026-06-08 12:00:05,1968,폭스바겐,1,17.3,Jetta 2.0 TDI,401080230,1031488
2026-06-08 12:00:05,3800,포르쉐,4,8.4,911 카레라 S,401080235,2466768
2026-06-08 12:00:04,3800,포르쉐,4,8.4,911 카레라 S 카브리올레,401080240,2466768
2026-06-08 12:00:25,1591,현대,1,15.2,아반떼 1.6CVVT,401080244,1363214
2026-06-08 12:00:26,4601,포드,5,7.7,링컨타운카,401080248,2691019
2026-06-08 12:00:05,5998,벤틀리,5,5.4,Continental GTC Speed,401090003,3837194
2026-06-08 12:00:06,2979,BMW,4,8.5,BMW 740Li,401090009,2437747
2026-06-08 12:00:06,1910,사브,3,12.6,사브 9-5 Vector 1.9 TiD,401090010,1416250
2026-06-08 12:00:05,2656,기아,5,7.6,쏘렌토 2.7 LPI,401090011,1560770
2026-06-08 12:00:05,3696,닛산,4,9.4,INFINITI G37 Convertible,401090017,2204346
2026-06-08 12:00:06,1968,아우디,3,12.4,Q5 2.0 TDI quattro,401090030,1439093
2026-06-08 12:00:06,3696,닛산,4,9.6,370Z,401090031,2158422
2026-06-08 12:00:04,1998,기아,2,14.3,포르테 쿠페 2.0가솔린,401090035,1449010
2026-06-08 12:00:06,1997,푸조,2,14.7,Nouvelle Peugeot 308CC HDi,401090036,1213929
2026-06-08 12:00:06,1399,현대,1,15.1,베르나 1.4가솔린,401090037,1372242
2026-06-08 12:00:06,1493,현대,1,18.3,베르나 1.5디젤,401090041,975123
2026-06-08 12:00:06,1493,현대,1,22,베르나 1.5디젤,401090042,811125
2026-06-08 12:00:06,3436,포르쉐,4,9.4,카이맨 S,401090043,2204346
2026-06-08 12:00:06,2199,현대,2,13.2,싼타페 2.2 디젤 4WD,401090045,1351875
2026-06-08 12:00:06,999,기아,000,20,모닝 1.0가솔린,401090047,1036043
2026-06-08 12:00:26,995,지엠대우,000,17,마티즈 1.0 DOHC AT,401090048,1218874
2026-06-08 12:00:26,995,지엠대우,000,21,마티즈 1.0 DOHC MT,401090049,986707
2026-06-08 12:00:05,1984,아우디,3,12.1,A4 2.0 TFSI,401090050,1712467
2026-06-08 12:00:06,1984,아우디,3,10.9,TTS Roadster quattro,401090051,1900995
2026-06-08 12:00:05,6761,벤틀리,5,4.7,Arnage Final Series,401090052,4408691
2026-06-08 12:00:06,6761,벤틀리,5,4.7,Brooklands,401090053,4408691
2026-06-08 12:00:06,1591,기아,1,15,포르테 쿠페 1.6가솔린,401090055,1381390
2026-06-08 12:00:06,1591,기아,1,16.1,포르테 쿠페 1.6가솔린,401090057,1287009
2026-06-08 12:00:06,3456,토요타,4,9.1,렉서스 RX350,401090058,2277016
2026-06-08 12:00:26,1493,기아,1,18.3,프라이드 1.5디젤 5DR,401090062,975123
2026-06-08 12:00:26,999,기아,000,17.4,모닝 1.0가솔린 밴,401090070,1190853
2026-06-08 12:00:05,999,기아,000,20,모닝 1.0가솔린 밴,401090071,1036043
2026-06-08 12:00:05,1599,현대,1,15.1,베르나 1.6가솔린 3DR,401090072,1372242
2026-06-08 12:00:05,2199,현대,1,15.5,싼타페 2.2디젤 4WD,401090074,1151274
2026-06-08 12:00:05,1998,르노코리아자동차(주),4,9.6,SM5 LPLi,401090077,1235609
2026-06-08 12:00:05,2497,현대,900,11.4,포터II 2.5디젤 트랜스게이트,401090078,1565329
2026-06-08 12:00:05,2497,현대,900,10.2,포터II 2.5디젤 트랜스게이트,401090079,1749485
2026-06-08 12:00:06,1995,기아,1,15,쏘렌토 2.0 디젤 2WD,401090080,1189650
2026-06-08 12:00:06,1995,현대,1,15,싼타페 2.0 디젤 2WD,401090081,1189650
2026-06-08 12:00:05,1591,현대,1,17.8,아반떼 1.6LPI 하이브리드,401090082,666396
2026-06-08 12:00:05,4691,마세라티,5,6.1,마제라티 콰토르포르테 Sport GT S,401090083,3396861
2026-06-08 12:00:05,4244,마세라티,5,6,마제라티 콰토르포르테,401090084,3453475
2026-06-08 12:00:05,2400,볼보,3,11.6,볼보 XC60D5,401090093,1538341
2026-06-08 12:00:05,1998,현대,2,12.8,쏘나타 2.0가솔린,401090097,1618816
2026-06-08 12:00:26,5000,재규어,5,7.3,재규어 XKR 5.0SC,401090098,2838473
2026-06-08 12:00:05,5000,재규어,5,7.8,재규어 XK 5.0,401090099,2656519
2026-06-08 12:00:06,2996,BMW,4,10.1,BMW Z4 sDrive30i,401090100,2051569
2026-06-08 12:00:05,1998,현대,3,11.7,투싼 2.0 가솔린,401090105,1771013
2026-06-08 12:00:05,1968,폭스바겐,1,17.9,Golf 2.0 TDI,401090112,996913
2026-06-08 12:00:05,2496,벤츠,4,9.1,Benz C250,401090113,2277016
2026-06-08 12:00:05,2656,현대,5,7.9,싼타페 2.7LPI,401090118,1501500
2026-06-08 12:00:06,5000,랜드로버,5,5.3,레인지로버 5.0SC,401090119,3909594
2026-06-08 12:00:27,2143,벤츠,2,14.2,Benz GLK220 CDI 4Matic,401090120,1256673
2026-06-08 12:00:06,1998,현대,2,13.6,쏘나타 2.0가솔린,401090127,1523592
2026-06-08 12:00:26,1998,현대,3,10.7,쏘나타 2.0LPI,401090129,1108584
2026-06-08 12:00:05,2987,벤츠,3,11.8,벤츠 S350 CDI,401090136,1512267
2026-06-08 12:00:05,2995,아우디,4,8.5,S4 3.0 TFSI quattro,401090155,2437747
2026-06-08 12:00:06,2359,기아,3,11.8,K7 2.4 가솔린,401090161,1756004
2026-06-08 12:00:05,3470,기아,3,10.6,K7 3.5 가솔린,401090163,1954797
2026-06-08 12:00:06,3800,포르쉐,5,8.1,911 카레라 4S 카브리올레,401090166,2558130
2026-06-08 12:00:06,3800,포르쉐,5,8.1,911 타르가 4S,401090167,2558130
2026-06-08 12:00:05,2199,기아,2,12.8,그랜드카니발 2.2디젤,401090169,1394121
2026-06-08 12:00:26,2199,기아,2,14.5,그랜드카니발 2.2디젤,401090170,1230672
2026-06-08 12:00:05,2199,기아,2,12.9,카니발 2.2디젤,401090171,1383314
2026-06-08 12:00:04,2997,GM,4,9.4,캐딜락 CTS 3.0,401090172,2204346
2026-06-08 12:00:04,3797,포르쉐,5,7.8,911 GT3,401090174,2656519
2026-06-08 12:00:05,5981,벤츠,5,5.2,Maybach 62S Zeppelin,401090175,3984779
2026-06-08 12:00:04,2997,GM,4,9.4,캐딜락 CTS Wagon 3.0,401090176,2204346
2026-06-08 12:00:05,1998,미쓰비시,3,11.4,랜서,401090177,1817618
2026-06-08 12:00:05,2998,미쓰비시,4,9.5,아웃랜더,401090178,2181142
2026-06-08 12:00:05,2360,미쓰비시,3,10.7,아웃랜더 2.4,401090179,1936528
2026-06-08 12:00:05,1984,폭스바겐,3,11.5,CC 2.0 TSI,401090180,1801813
2026-06-08 12:00:05,5998,벤틀리,5,5.9,Continental Supersports,401090181,3512008
2026-06-08 12:00:05,1995,현대,1,16.1,투싼 2.0디젤 4WD,401090182,1108370
2026-06-08 12:00:05,2359,현대,2,13,쏘나타 2.4 GDI,401090183,1593912
2026-06-08 12:00:26,999,기아,000,21.2,모닝 1.0가솔린,401090189,977399
2026-06-08 12:00:26,999,기아,000,18,모닝 1.0가솔린,401090190,1151158
2026-06-08 12:00:26,999,기아,000,17.6,모닝 1.0LPI,401090191,673969
2026-06-08 12:00:26,999,기아,000,14.5,모닝 1.0LPI,401090192,818059
2026-06-08 12:00:26,2199,기아,2,12.9,카니발리무진 2.2디젤,401100001,1383314
2026-06-08 12:00:26,2720,랜드로버,4,8.8,디스커버리4 2.7D,401100002,2027813
2026-06-08 12:00:26,2199,기아,2,12.8,그랜드카니발 2.2디젤 하이리무진,401100004,1394121
2026-06-08 12:00:26,2199,기아,2,12.9,카니발 2.2디젤 하이리무진,401100005,1383314
2026-06-08 12:00:05,2400,볼보,3,12.4,볼보 XC60D5,401100006,1439093
2026-06-08 12:00:05,3197,아우디,4,10,A6 3.2 FSI,401100007,2072085
2026-06-08 12:00:05,999,기아,000,18,모닝 1.0가솔린 밴,401100008,1151158
2026-06-08 12:00:05,999,기아,000,21.2,모닝 1.0가솔린 밴,401100009,977399
2026-06-08 12:00:05,1998,기아,3,12.1,스포티지 2.0가솔린,401100011,1712467
2026-06-08 12:00:01,1995,기아,1,15.6,스포티지 2.0디젤,401100014,1143894
2026-06-08 12:00:01,1995,기아,1,17.4,스포티지 2.0디젤,401100015,1025560
2026-06-08 12:00:01,2457,스바루,4,9.9,Forester,401100016,2093015
2026-06-08 12:00:26,1995,BMW,2,14.1,BMW X1 xDrive23d,401100025,1265585
2026-06-08 12:00:05,1995,BMW,2,14.7,BMW X1 xDrive20d,401100026,1213929
2026-06-08 12:00:05,2953,볼보,5,8.1,볼보 XC60T6,401100028,2558130
2026-06-08 12:00:27,1984,아우디,3,11.5,A5 Cabriolet 2.0 TFSI,401100029,1801813
2026-06-08 12:00:05,2993,재규어,3,12.7,재규어 XJ 3.0D (SWB),401100030,1405098
2026-06-08 12:00:05,5000,재규어,5,7.6,재규어 XJ 5.0 (PORTFOLIO),401100031,2726428
2026-06-08 12:00:05,2354,혼다,3,11.1,Accord 2.4,401100032,1866743
2026-06-08 12:00:05,3471,혼다,4,9.9,Accord 3.5,401100033,2093015
2026-06-08 12:00:05,2997,지엠대우,4,9.3,알페온 3.0,401100035,2228048
2026-06-08 12:00:05,1997,푸조,2,14.7,푸조 407 2.0 HDi E5,401100036,1213929
2026-06-08 12:00:05,1796,벤츠,3,11.9,C200 CGI,401100037,1741248
2026-06-08 12:00:06,1997,푸조,1,15.6,3008 2.0 HDi,401100038,1143894
2026-06-08 12:00:26,1998,기아,2,13.8,K5 2.0가솔린,401100040,1501511
2026-06-08 12:00:26,1998,기아,4,10,K5 2.0LPI,401100041,1186185
2026-06-08 12:00:26,1998,기아,3,10.7,K5 2.0LPI,401100042,1108584
2026-06-08 12:00:26,2359,기아,2,13,K5 2.4GDI,401100043,1593912
2026-06-08 12:00:26,6208,벤츠,5,6.7,SLS63 AMG,401100044,3092664
2026-06-08 12:00:26,1998,기아,3,10.6,K5 2.0LPI ISG(경제형),401100045,1119042
2026-06-08 12:00:26,2457,스바루,3,11.2,Legacy 2.5,401100046,1850076
2026-06-08 12:00:27,2992,푸조,2,13.1,407 Coupe 3.0 HDi,401100050,1362195
2026-06-08 12:00:26,1598,푸조,2,13.8,207 HB E5,401100073,1501511
2026-06-08 12:00:26,1998,현대,3,10.6,쏘나타 2.0LPI(ISG),401100074,1119042
2026-06-08 12:00:26,1598,푸조,2,13.8,207CC E5,401100075,1501511
2026-06-08 12:00:26,5972,BMW,5,6.4,BMW 760Li,401100089,3237633
2026-06-08 12:00:06,3800,포르쉐,5,7.8,911 터보 S 카브리올레,401100108,2656519
2026-06-08 12:00:06,1582,기아,1,17.5,쏘울 1.6디젤,401100109,1019700
2026-06-08 12:00:25,1998,케이지모빌리티,1,17.6,코란도C 2.0DI CDPF 2WD,401100126,1013906
2026-06-08 12:00:06,1598,푸조,2,12.8,RCZ,401100134,1618816
2026-06-08 12:00:27,4163,아우디,5,8.3,A8 4.2 FSI quattro,401100135,2496488
2026-06-08 12:00:06,1598,폭스바겐,1,21.9,Golf 1.6 TDI Blue Motion,401100136,814829
2026-06-08 12:00:27,4134,아우디,4,8.8,Q7 4.2 TDI quattro,401100137,2027813
2026-06-08 12:00:01,5461,벤츠,5,7.6,S63 AMG L,401100148,2726428
2026-06-08 12:00:26,1968,아우디,2,14,Q5 2.0 TDI quattro,401100150,1274625
2026-06-08 12:00:02,1396,현대,1,18,엑센트 1.4가솔린,401100155,1151158
2026-06-08 12:00:02,1591,현대,1,18.2,엑센트 1.6GDI,401100157,1138508
2026-06-08 12:00:01,2360,미쓰비시,3,11.8,아웃랜더 2.4,401100161,1756004
2026-06-08 12:00:02,1998,미쓰비시,3,12.4,RVR(4WD),401100162,1671036
2026-06-08 12:00:26,2488,닛산,3,12.5,로그(2WD),401100165,1657668
2026-06-08 12:00:02,2488,닛산,3,11.8,로그(4WD),401100166,1756004
2026-06-08 12:00:01,4663,벤츠,5,7.8,S500 CGI 4Matic L,401100170,2656519
2026-06-08 12:00:01,4663,벤츠,5,8,S500 CGI L,401100171,2590106
2026-06-08 12:00:01,2987,벤츠,4,10.1,ML300 CDI,401100187,1766807
2026-06-08 12:00:26,1598,BMW,2,14.5,MINI Copper S,401100191,1429024
2026-06-08 12:00:01,4395,BMW,5,6.5,BMW X5 xDrive50i,401100194,3187823
2026-06-08 12:00:02,2179,랜드로버,2,13.4,프리랜더 SD4,401100214,1331698
2026-06-08 12:00:02,1598,지엠대우,2,14.8,아베오 1.6 AT,401100216,1400057
2026-06-08 12:00:02,1582,현대,1,18.1,i30 1.6디젤,401100228,985898
2026-06-08 12:00:01,1998,지엠대우,1,17.4,올란도2.0 디젤 MT,401100243,1025560
2026-06-08 12:00:26,1984,폭스바겐,3,12.6,Golf GTI,401100248,1644512
2026-06-08 12:00:01,2231,지엠대우,2,13.9,캡티바2.2 디젤 FWD AT 7인승,401100249,1283795
2026-06-08 12:00:25,1582,현대,1,18.1,i30 1.6디젤 Wagon,401100253,985898
2026-06-08 12:00:00,1968,폭스바겐,1,17.1,CC 2.0 TDI Blue Motion,401100259,1043553
2026-06-08 12:00:26,2231,지엠대우,2,13.9,캡티바2.2 디젤 FWD AT 5인승,401110001,1283795
2026-06-08 12:00:26,2231,지엠대우,2,12.8,캡티바2.2 디젤 AWD AT 5인승,401110002,1394121
2026-06-08 12:00:00,3342,현대,3,10.6,제네시스 3.3GDI,401110009,1954797
2026-06-08 12:00:27,3778,현대,4,9.7,에쿠스 3.8GDI,401110012,2136170
2026-06-08 12:00:27,5038,현대,4,8.8,에쿠스 5.0GDI,401110013,2354642
2026-06-08 12:00:26,2776,크라이슬러,3,10.7,짚랭글러,401110035,1667734
2026-06-08 12:00:01,1998,현대,3,12.1,투싼2.0가솔린,401110046,1712467
2026-06-08 12:00:27,2995,아우디,5,8.3,A8 LWB 3.0 TFSI quattro,401110053,2496488
2026-06-08 12:00:26,1984,아우디,3,11.3,TT Roadster 2.0 TFSI quattro,401110054,1833704
2026-06-08 12:00:26,3470,기아,4,9.2,카니발3.5가솔린(11인승),401110056,2252266
2026-06-08 12:00:25,1995,BMW,1,17.2,BMW X3 xDrive20d,401110058,1037485
2026-06-08 12:00:26,2995,아우디,5,8.3,A8 3.0 TFSI quattro,401110063,2496488
2026-06-08 12:00:02,3496,포드,5,8.3,익스플로러,401110071,2496488
2026-06-08 12:00:26,2401,볼보,3,11.6,볼보 XC90D5,401110079,1538341
2026-06-08 12:00:02,2799,케이지모빌리티,4,8.8,체어맨H 가솔린 2.8,401110088,2354642
2026-06-08 12:00:26,3199,케이지모빌리티,4,8.7,체어맨H 가솔린 3.2,401110089,2381707
2026-06-08 12:00:27,1598,한국지엠,2,13.9,젠트라 1.6DOHC AT,401110092,1490709
2026-06-08 12:00:27,1598,한국지엠,1,16,젠트라 1.6DOHC MT,401110093,1295053
2026-06-08 12:00:26,796,한국지엠,000,11.5,다마스7인승,401110094,1031465
2026-06-08 12:00:26,796,한국지엠,000,12,다마스밴,401110095,988488
2026-06-08 12:00:26,796,한국지엠,900,12.2,라보롱카고,401110096,972283
2026-06-08 12:00:26,796,한국지엠,000,11.5,다마스5인승,401110097,1031465
2026-06-08 12:00:26,796,한국지엠,900,12.2,라보5MT,401110098,972283
2026-06-08 12:00:01,2384,한국지엠,4,10.4,캡티바2.4 7인승,401110101,1992389
2026-06-08 12:00:01,2384,한국지엠,4,10.4,캡티바2.4 5인승,401110104,1992389
2026-06-08 12:00:27,2231,한국지엠,1,15,캡티바2.2 디젤 AWD MT 7인승,401110107,1189650
2026-06-08 12:00:27,2231,한국지엠,1,15.9,캡티바2.2 디젤 FWD MT 7인승,401110108,1122311
2026-06-08 12:00:27,2231,한국지엠,2,12.8,캡티바2.2 디젤 AWD AT 7인승,401110109,1394121
2026-06-08 12:00:27,2231,한국지엠,2,13.9,캡티바2.2 디젤 FWD AT 7인승,401110110,1283795
2026-06-08 12:00:27,2231,한국지엠,1,15,캡티바2.2 디젤 AWD MT 5인승,401110111,1189650
2026-06-08 12:00:01,2231,한국지엠,1,15.9,캡티바2.2 디젤 MT FWD 5인승,401110112,1122311
2026-06-08 12:00:27,2231,한국지엠,2,12.8,캡티바2.2 디젤 AWD AT 5인승,401110113,1394121
2026-06-08 12:00:27,2231,한국지엠,2,13.9,캡티바2.2 디젤 FWD AT 5인승,401110114,1283795
2026-06-08 12:00:01,995,한국지엠,000,21,스파크 1.0 DOHC MT,401110118,986707
2026-06-08 12:00:00,995,한국지엠,000,13.6,스파크 1.0 LPG AT,401110119,872195
2026-06-08 12:00:02,1598,한국지엠,2,13,크루즈 1.6 DOHC AT,401110121,1593912
2026-06-08 12:00:02,1796,한국지엠,2,13.7,크루즈 1.8,401110122,1512471
2026-06-08 12:00:02,1598,한국지엠,1,15,크루즈 1.6 DOHC MT,401110123,1381390
2026-06-08 12:00:26,995,한국지엠,000,21,스파크밴 1.0 DOHC MT,401110128,986707
2026-06-08 12:00:26,1598,한국지엠,2,13,크루즈 1.6 DOHC AT,401110129,1593912
2026-06-08 12:00:26,3342,기아,3,10.9,K7 3.3GDI,401110144,1900995
2026-06-08 12:00:01,2384,한국지엠,3,11.3,알페온 2.4,401110171,1833704
2026-06-08 12:00:01,3496,포드,5,8.3,토러스SHO,401110182,2496488
2026-06-08 12:00:26,4395,BMW,5,7.3,BMW 750Li xDrive,401110184,2838473
2026-06-08 12:00:02,1997,푸조,1,17,푸조 508 2.0 HDi,401110198,1049691
2026-06-08 12:00:02,2143,벤츠,1,17.1,E220 CDI,401110205,1043553
2026-06-08 12:00:01,3498,벤츠,4,9.4,E350 Cabriolet,401110206,2204346
2026-06-08 12:00:02,2967,포드,4,9.9,퓨전,401110208,2093015
2026-06-08 12:00:27,2967,아우디,2,13.5,A7 3.0 TDI quattro,401110213,1321833
2026-06-08 12:00:27,2979,BMW,4,9,BMW X6 xDrive35i,401110219,2302317
2026-06-08 12:00:26,1497,혼다,1,20.6,CR-Z,401110220,1005867
2026-06-08 12:00:26,3778,크라이슬러,5,7.4,짚랭글러,401110224,2800115
2026-06-08 12:00:02,2179,재규어,2,14.4,재규어 XF 2.2D,401110230,1239219
2026-06-08 12:00:01,1591,현대,1,16.8,i30 1.6GDI,401110237,1233384
2026-06-08 12:00:02,1591,기아,1,16.7,프라이드 1.6GDI,401110240,1240769
2026-06-08 12:00:00,1591,기아,1,17.7,프라이드 1.6GDI ISG(고급형),401110241,1170669
2026-06-08 12:00:00,1591,기아,1,18.2,프라이드 1.6GDI,401110242,1138508
2026-06-08 12:00:01,2401,볼보,2,13.9,볼보 XC70D5,401110259,1283795
2026-06-08 12:00:02,4806,포르쉐,5,6.7,파나메라 터보 S,401110268,3092664
2026-06-08 12:00:02,998,기아,000,NULL,레이 1.0 Bi-fuel LPI,401110285,NULL
2026-06-08 12:00:26,1591,현대,1,17.3,i30 1.6GDI ISG(고급형),401110290,1197737
2026-06-08 12:00:02,3436,포르쉐,4,9.3,카이맨 S 블랙에디션,401110293,2228048
2026-06-08 12:00:02,1998,르노코리아자동차(주),2,14.1,SM5,401110312,1469564
2026-06-08 12:00:04,2179,랜드로버,2,13.7,레인지로버 이보크 2.2D,401110323,1302536
2026-06-08 12:00:02,2497,현대,900,12.3,포터 2.5디젤 초장축 표준캡,401110330,1450793
2026-06-08 12:00:02,2497,현대,900,12.3,포터 2.5디젤 초장축 슈퍼캡,401110331,1450793
2026-06-08 12:00:26,2497,기아,900,11.7,봉고 1t 4×4 장축 더블캡,401110342,1525192
2026-06-08 12:00:26,2497,기아,900,11.7,봉고 1t 4×4 장축 표준캡,401110343,1525192
2026-06-08 12:00:26,1999,기아,2,14.7,K5 2.0가솔린,401110362,1409582
2026-06-08 12:00:01,1998,케이지모빌리티,1,18.3,코란도C 2.0DI CDPF 4WD 수동 6단 ECO,401110364,975123
2026-06-08 12:00:01,2494,토요타,2,12.8,토요타 CAMRY,401110383,1618816
2026-06-08 12:00:04,6262,페라리,5,5.5,페라리 FF,401110384,3767427
2026-06-08 12:00:01,1997,BMW,3,11.6,BMW Z4 sDrive28i,401110386,1786280
2026-06-08 12:00:02,3436,포르쉐,5,9.3,911 카레라 카브리올레,401120041,2228048
2026-06-08 12:00:02,3800,포르쉐,5,9.2,911 카레라 S 카브리올레,401120042,2252266
2026-06-08 12:00:26,1591,현대,3,11.8,벨로스터 1.6 터보GDI 자동6단,401120044,1756004
2026-06-08 12:00:01,1968,폭스바겐,2,15.4,Scirocco R-Line,401120046,1158750
2026-06-08 12:00:02,3436,포르쉐,5,9.3,911 카레라,401120056,2228048
2026-06-08 12:00:01,3800,포르쉐,5,9.2,911 카레라 S,401120061,2252266
2026-06-08 12:00:01,6162,GM,5,7.1,쉐보레 콜벳,401120063,2918430
2026-06-08 12:00:01,2497,현대,5,9.2,그랜드 스타렉스 2.5디젤 리무진(유로5),401120080,1939647
2026-06-08 12:00:26,3496,포드,5,7.7,익스플로러,401120086,2691019
2026-06-08 12:00:26,3726,포드,5,9.3,머스탱,401120093,2228048
2026-06-08 12:00:01,3726,포드,5,8.9,머스탱,401120094,2328185
2026-06-08 12:00:26,1984,볼보,3,11.7,볼보 XC60D3,401120098,1525192
2026-06-08 12:00:01,5461,벤츠,5,9.1,Mercedes-AMG SLK55,401120099,2277016
2026-06-08 12:00:26,1999,포드,3,12.3,포커스,401120104,1684622
2026-06-08 12:00:26,2199,현대,3,12.4,싼타페 2.2디젤 4WD(DM),401120107,1439093
2026-06-08 12:00:26,2199,현대,2,13.8,싼타페 2.2디젤 2WD(DM),401120109,1293098
2026-06-08 12:00:01,2993,BMW,3,12.5,BMW Gran Turismo 30d,401120117,1427580
2026-06-08 12:00:01,2199,현대,2,13.8,싼타페 2.2디젤 2WD(DM_5인),401120125,1293098
2026-06-08 12:00:26,4497,페라리,5,5.6,페라리 458 Spider,401120141,3700152
2026-06-08 12:00:02,3604,크라이슬러,5,7.6,짚랭글러 3.6,401120154,2726428
2026-06-08 12:00:26,2776,크라이슬러,5,9.2,짚랭글러 2.8,401120155,1939647
2026-06-08 12:00:00,3993,아우디,5,8.1,A8 4.0 TFSI quattro,401120160,2558130
2026-06-08 12:00:02,998,기아,000,10.8,레이1.0 바이퓨얼(신연비),401120165,1098319
2026-06-08 12:00:01,1995,MINI,3,13.6,MINI Cooper SD Countryman ALL4,401120170,1312114
2026-06-08 12:00:24,1995,BMW,2,14.7,BMW 525d xDrive Touring,401120177,1213929
2026-06-08 12:00:26,1997,BMW,3,12.8,BMW 320i,401120179,1618816
2026-06-08 12:00:02,4395,BMW,5,7.2,BMW GT 50i xDrive,401120186,2877896
2026-06-08 12:00:26,1998,케이지모빌리티,4,11.3,로디우스11인승 2.0DI CDPF 4WD 자동 5단,401120187,1579181
2026-06-08 12:00:27,1598,르노코리아자동차(주),2,15,New SM3 1.6,401120209,1381390
2026-06-08 12:00:24,3498,닛산,5,8.2,INFINITI JX35 (4WD),401120218,2526933
2026-06-08 12:00:26,4691,마세라티,5,6.3,마제라티 그란카브리오 Sport,401120222,3289024
2026-06-08 12:00:01,3436,포르쉐,4,9.5,박스터 S,401120224,2181142
2026-06-08 12:00:01,1998,기아,4,9.5,카렌스 2.0가솔린,401120226,2181142
2026-06-08 12:00:26,1998,기아,5,7.7,카렌스 2.0LPI,401120227,1540500
2026-06-08 12:00:02,1598,한국지엠,2,14.2,아베오 1.6 AT,401120230,1459215
2026-06-08 12:00:02,2143,벤츠,2,15.2,C220 CDI Coupe,401120231,1173997
2026-06-08 12:00:02,2360,크라이슬러,4,9.4,짚 컴패스,401120234,2204346
2026-06-08 12:00:02,3800,포르쉐,4,9.4,911 카레라 S,401120237,2204346
2026-06-08 12:00:26,3436,포르쉐,5,9.3,911 카레라,401120239,2228048
2026-06-08 12:00:02,2494,토요타,1,16.4,렉서스 ES300h,401120241,1263466
2026-06-08 12:00:04,998,기아,000,14.6,레이 1.0 ISG(고급형) (신연비),401120242,1419236
2026-06-08 12:00:04,4806,포르쉐,5,7.2,카이엔 GTS,401120243,2877896
2026-06-08 12:00:01,998,기아,000,13.9,레이 1.0 TCI (신연비),401120244,1490709
2026-06-08 12:00:02,4806,포르쉐,5,7.2,파나메라 4S,401120249,2877896
2026-06-08 12:00:24,2995,아우디,5,8.8,A8 3.0 TFSI quattro,401120280,2354642
2026-06-08 12:00:00,2995,아우디,5,8.8,A8 LWB 3.0 TFSI quattro,401120287,2354642
2026-06-08 12:00:10,3726,포드,5,9,링컨MKS,401120297,2302317
2026-06-08 12:00:24,3993,아우디,5,7.9,S6 4.0 TFSI quattro,401120318,2622892
2026-06-08 12:00:01,2987,크라이슬러,4,10.8,짚 그랜드체로키,401120319,1652292
2026-06-08 12:00:02,2776,크라이슬러,4,9.4,짚 랭글러,401120320,1898378
2026-06-08 12:00:01,796,한국지엠,000,9.6,다마스5인승,401120324,1235609
2026-06-08 12:00:04,796,한국지엠,000,9.8,라보롱카고,401120326,1210393
2026-06-08 12:00:02,2993,BMW,2,14,BMW GT 30d xDrive,401120330,1274625
2026-06-08 12:00:02,4395,BMW,5,8.1,BMW 750Li xDrive,401120335,2558130
2026-06-08 12:00:26,2993,BMW,4,10.8,BMW X6 M50d,401120336,1652292
2026-06-08 12:00:10,2953,볼보,5,7.9,볼보 S80T6,401120338,2622892
2026-06-08 12:00:01,796,한국지엠,000,9.8,라보5MT,401120343,1210393
2026-06-08 12:00:04,1999,현대,3,11.6,i40 2.0가솔린(왜건),401120344,1786280
2026-06-08 12:00:01,2401,볼보,2,14.2,볼보 S80D5,401120380,1256673
2026-06-08 12:00:26,995,한국지엠,000,14,스파크 1.0 LPG MT,401120383,847275
2026-06-08 12:00:26,2993,BMW,2,15.2,BMW 730Ld,401120385,1173997
2026-06-08 12:00:26,1995,BMW,2,14.5,BMW X1 xDrive 25d,401120389,1230672
2026-06-08 12:00:26,1995,BMW,2,15.2,BMW X1 xDrive 20d,401120390,1173997
2026-06-08 12:00:04,1999,현대,3,12.8,아반떼쿠페 2.0가솔린,401120404,1618816
2026-06-08 12:00:10,1984,볼보,2,14,볼보 V60D4,401120407,1274625
2026-06-08 12:00:00,1598,시트로엥,3,13.4,시트로엥 DS3 R6,401120412,1546332
2026-06-08 12:00:00,1591,현대,2,14.3,엑센트 1.6GDI(5DR) ISG(고급형)_신연비,401120418,1449010
2026-06-08 12:00:26,1995,BMW,2,15.5,BMW X1 xDrive 18d,401120422,1151274
2026-06-08 12:00:01,5038,현대,5,7.4,에쿠스리무진 5.0GDI(신연비),401120424,2800115
2026-06-08 12:00:04,2199,기아,4,11.3,카니발 2.2디젤(신연비),401120439,1579181
2026-06-08 12:00:26,3470,기아,5,8.2,카니발 3.5가솔린 11인(신연비),401120441,2526933
2026-06-08 12:00:01,1396,기아,3,13.3,프라이드 1.4가솔린 (신연비),401120450,1557959
2026-06-08 12:00:01,1591,기아,2,13.8,포르테쿠페 1.6GDI_신연비,401120453,1501511
2026-06-08 12:00:01,1591,기아,2,14.7,프라이드 1.6GDI (신연비),401120457,1409582
2026-06-08 12:00:04,2231,한국지엠,4,11,캡티바 2.2 디젤 AWD AT 7인승,401120458,1622250
2026-06-08 12:00:01,1998,케이지모빌리티,4,11.2,코란도스포츠 2.0DI CDPF 4WD 자동6단,401120459,1593281
2026-06-08 12:00:01,1998,한국지엠,3,12,올란도 2.0 디젤,401120464,1487063
2026-06-08 12:00:26,1995,기아,3,13.3,스포티지 2.0디젤 4WD(신연비),401120473,1341711
2026-06-08 12:00:27,1995,기아,2,14.2,스포티지 2.0디젤 2WD(신연비),401120475,1256673
2026-06-08 12:00:01,1995,현대,2,14.2,투싼 2.0디젤 2WD (신연비),401120479,1256673
2026-06-08 12:00:01,1995,현대,3,12.4,투싼 2.0디젤 4WD (신연비),401120480,1439093
2026-06-08 12:00:01,1995,현대,3,13.3,투싼 2.0디젤 4WD (신연비),401120481,1341711
2026-06-08 12:00:26,1591,기아,3,13,포르테 1.6GDI(5DR)_신연비,401120482,1593912
2026-06-08 12:00:26,2498,스바루,4,11.1,Legacy 2.5,401120486,1866743
2026-06-08 12:00:26,1582,현대,1,16.5,엑센트 1.6디젤(5DR)_신연비,401120490,1081500
2026-06-08 12:00:01,4966,케이지모빌리티,5,7.6,체어맨W 가솔린 5.0 2WD,401120500,2726428
2026-06-08 12:00:01,3199,케이지모빌리티,5,8.1,체어맨W 가솔린 3.2 2WD,401120504,2558130
2026-06-08 12:00:26,1598,폭스바겐,1,18.9,Golf 1.6 TDI Blue Motion,401120505,944167
2026-06-08 12:00:02,5000,재규어,5,7.4,재규어 XJ5.0,401120512,2800115
2026-06-08 12:00:26,1396,현대,2,14.3,엑센트 1.4가솔린_신연비,401120516,1449010
2026-06-08 12:00:01,2359,현대,5,6.8,그랜드 스타렉스 2.4LPI 5밴(신연비),401120523,1744390
2026-06-08 12:00:01,2497,기아,5,9.2,봉고 1t 장축 슈퍼캡(신연비),401120533,1939647
2026-06-08 12:00:27,3470,기아,5,8.2,카니발 3.5가솔린 7인(신연비),401120536,2526933
2026-06-08 12:00:00,2497,현대,5,8.9,포터 2.5디젤 초장축 더블캡(신연비),401120556,2005028
2026-06-08 12:00:00,1591,기아,2,14.3,프라이드 1.6GDI ISG(고급형) (신연비),401120559,1449010
2026-06-08 12:00:00,5000,랜드로버,5,6,레인지로버 5.0,401120564,3453475
2026-06-08 12:00:00,2967,폭스바겐,4,9.6,Phaeton 3.0 TDI,401120567,1858828
2026-06-08 12:00:27,3598,케이지모빌리티,5,8,체어맨W 가솔린 3.6 2WD,401120573,2590106
2026-06-08 12:00:01,1997,푸조,4,11.2,푸조 Expert Tepee 2.0 HDi,401120575,1593281
2026-06-08 12:00:01,2997,GM,5,7.6,캐딜락 SRX 3.0,401120576,2726428
2026-06-08 12:00:27,2359,현대,5,6.4,그랜드 스타렉스 2.4LPI 3밴(신연비),401120579,1853414
2026-06-08 12:00:27,2359,현대,5,6.8,그랜드 스타렉스 2.4LPI 3밴(신연비),401120580,1744390
2026-06-08 12:00:27,2359,현대,4,11.3,그랜저 2.4GDI(신연비),401120582,1833704
2026-06-08 12:00:01,1995,MINI,2,15.4,MINI Cooper SD Coupe,401120585,1158750
2026-06-08 12:00:01,1995,MINI,1,16.1,MINI Cooper D Clubman,401120586,1108370
2026-06-08 12:00:26,2979,BMW,4,9.9,BMW 740Li,401120589,2093015
2026-06-08 12:00:26,2776,크라이슬러,5,9.2,짚 랭글러,401120590,1939647
2026-06-08 12:00:01,1591,기아,2,14.3,프라이드 1.6GDI(5DR) ISG(고급형) (신연비),401120597,1449010
2026-06-08 12:00:26,3800,포르쉐,5,7.6,911 카레라 4 GTS,401120598,2726428
2026-06-08 12:00:26,3800,포르쉐,5,7.6,911 카레라 4S 카브리올레,401120599,2726428
2026-06-08 12:00:01,2401,볼보,3,12.4,볼보 XC60D5,401120601,1439093
2026-06-08 12:00:01,3696,닛산,5,8.9,INFINITI M37x,401120602,2328185
2026-06-08 12:00:01,1998,케이지모빌리티,4,10.8,코란도C 2.0DI CDPF AWD,401120606,1652292
2026-06-08 12:00:14,1998,르노코리아자동차(주),4,9.6,New SM5 LPLi,401120633,1235609
2026-06-08 12:00:01,6162,GM,5,6,캐딜락 Escalade,401120641,3453475
2026-06-08 12:00:01,1591,현대,3,13.3,벨로스터 1.6GDI(신연비),401120643,1557959
2026-06-08 12:00:04,1591,현대,3,13.6,벨로스터 1.6GDI(신연비),401120644,1523592
2026-06-08 12:00:04,2494,토요타,4,10.4,토요타 RAV4 2WD,401120646,1992389
2026-06-08 12:00:04,4395,BMW,5,8.3,BMW 650i Convertible,401120649,2496488
2026-06-08 12:00:04,1798,토요타,3,11.9,토요타 Corolla,401120651,1741248
2026-06-08 12:00:04,1995,BMW,1,18.5,BMW 1 Series Sport,401120652,964581
2026-06-08 12:00:26,3436,포르쉐,5,9,911 카레라 4 카브리올레,401120671,2302317
2026-06-08 12:00:26,2997,GM,5,8.6,캐딜락 CTS 3.0,401120672,2409401
2026-06-08 12:00:22,4663,벤츠,5,7.6,S500 CGI 4Matic L,401120681,2726428
2026-06-08 12:00:22,5461,벤츠,5,7.6,CL63 AMG,401120682,2726428
2026-06-08 12:00:25,1984,아우디,4,11.1,TT Roadster 2.0 TFSI quattro,401120696,1866743
2026-06-08 12:00:25,2967,아우디,4,10.3,Q7 3.0 TDI quattro,401120697,1732500
2026-06-08 12:00:25,2967,아우디,3,13.1,A6 3.0 TDI quattro,401120698,1362195
2026-06-08 12:00:24,1995,르노코리아자동차(주),3,13.2,QM5 2WD,401120711,1351875
2026-06-08 12:00:01,4172,폭스바겐,5,6.9,Phaeton 4.2,401120728,3003022
2026-06-08 12:00:01,2995,재규어,5,8.4,재규어 XJ 3.0SC (SWB),401120729,2466768
2026-06-08 12:00:01,2360,크라이슬러,4,9.7,짚 컴패스 FWD,401120730,2136170
2026-06-08 12:00:01,6417,크라이슬러,5,5.5,짚 그랜드체로키 SRT8,401120731,3767427
2026-06-08 12:00:01,3598,포르쉐,5,7.4,카이엔,401120732,2800115
2026-06-08 12:00:01,1560,푸조,1,18.4,푸조 308 1.6 e-HDi,401120733,969823
2026-06-08 12:00:01,2179,푸조,2,14.3,푸조 508 2.2 HDi,401120734,1247885
2026-06-08 12:00:01,1997,푸조,2,14.8,푸조 508 2.0 HDi,401120735,1205726
2026-06-08 12:00:01,1598,푸조,3,11.7,푸조 RCZ,401120736,1771013
2026-06-08 12:00:26,1984,아우디,4,11.1,TT Coupe 2.0 TFSI quattro,401120738,1866743
2026-06-08 12:00:26,1984,아우디,4,9.8,TTS Coupe quattro,401120739,2114372
2026-06-08 12:00:25,2967,아우디,3,13,A8 3.0 TDI quattro,401120740,1372673
2026-06-08 12:00:26,1997,포드,1,17,Focus 2.0 TDCi,401120741,1049691
2026-06-08 12:00:25,1997,포드,1,17,Focus 2.0 TDCi,401120742,1049691
2026-06-08 12:00:25,2143,벤츠,2,15.6,C220 CDI,401120749,1143894
2026-06-08 12:00:26,4395,BMW,5,7.6,BMW M6 Coupe,401120750,2726428
2026-06-08 12:00:26,2496,벤츠,4,10,C250,401120752,2072085
2026-06-08 12:00:26,1999,랜드로버,5,8.1,프리랜더 2.0P,401120753,2558130
2026-06-08 12:00:25,3436,포르쉐,5,9,911 카레라 4,401120754,2302317
2026-06-08 12:00:26,4297,페라리,5,6.6,페라리 캘리포니아,401120760,3139523
2026-06-08 12:00:26,1591,기아,2,14,포르테 1.6 LPI 하이브리드(신연비),401120764,847275
2026-06-08 12:00:26,1560,푸조,1,18.4,푸조 508 1.6 e-HDi,401120765,969823
2026-06-08 12:00:27,1997,푸조,2,14.8,푸조 508SW 2.0 HDi,401120766,1205726
2026-06-08 12:00:27,1997,푸조,2,14.8,푸조 308CC 2.0 HDi E5,401120767,1205726
2026-06-08 12:00:27,1796,벤츠,4,11.1,C200 CGI,401120768,1866743
2026-06-08 12:00:27,5461,벤츠,5,7.6,CLS63 AMG,401120770,2726428
2026-06-08 12:00:27,2143,벤츠,2,14.9,E250 CDI 4Matic,401120772,1197634
2026-06-08 12:00:27,4969,토요타,5,7.7,렉서스 ISF,401120774,2691019
2026-06-08 12:00:25,4608,토요타,5,7.8,렉서스 LS460,401120775,2656519
2026-06-08 12:00:25,6208,벤츠,5,6.5,C63 AMG,401120777,3187823
2026-06-08 12:00:22,5461,벤츠,5,7.6,S63 AMG L,401120781,2726428
2026-06-08 12:00:25,3498,벤츠,4,9.4,E350 Coupe,401120787,2204346
2026-06-08 12:00:26,2987,벤츠,4,11.5,S350 BlueTEC,401120788,1551717
2026-06-08 12:00:25,1995,BMW,1,16.7,BMW 320d xDrive,401120789,1068548
2026-06-08 12:00:25,3342,기아,4,9.6,K9 3.3GDI 18인치 타이어(신연비),401120790,2158422
2026-06-08 12:00:26,5998,벤틀리,5,6.3,New Continental GT,401120791,3289024
2026-06-08 12:00:26,5998,벤틀리,5,6.3,New Continental GT Speed,401120792,3289024
2026-06-08 12:00:26,5998,벤틀리,5,5.8,New Continental GTC,401120793,3572560
2026-06-08 12:00:26,5998,벤틀리,5,5.8,New Continental GT Speed Convertible,401120794,3572560
2026-06-08 12:00:26,3498,벤츠,5,8.8,S350 CGI L,401120795,2354642
2026-06-08 12:00:27,1995,MINI,2,15.4,MINI Cooper SD,401120796,1158750
2026-06-08 12:00:02,3342,기아,4,9.4,K9 3.3GDI 19인치 타이어(신연비),401120800,2204346
2026-06-08 12:00:01,3778,기아,5,9.3,K9 3.8GDI(신연비),401120801,2228048
2026-06-08 12:00:02,4395,BMW,5,7,BMW X6 xDrive50i,401120802,2960121
2026-06-08 12:00:01,6749,롤스로이스,5,5.7,Rolls-Royce Phantom EWB,401120803,3635237
2026-06-08 12:00:02,1560,푸조,1,18.1,푸조 308SW 1.6 e-HDi,401120804,985898
2026-06-08 12:00:02,1997,푸조,2,14.1,푸조 3008 2.0 HDi,401120805,1265585
2026-06-08 12:00:02,1997,시트로엥,2,14.5,시트로엥 DS5 2.0 HDi,401120806,1230672
2026-06-08 12:00:02,3999,BMW,5,7.2,BMW M3,401120807,2877896
2026-06-08 12:00:02,2996,BMW,5,8.7,BMW 328i Convertible,401120808,2381707
2026-06-08 12:00:02,1598,BMW,3,12.9,MINI Cooper Clubman,401120809,1606267
2026-06-08 12:00:26,2979,BMW,5,9.2,BMW Z4 sDrive35i,401120810,2252266
2026-06-08 12:00:02,2979,BMW,4,10,BMW 535i,401120811,2072085
2026-06-08 12:00:02,1598,BMW,3,12.3,MINI Cooper S Convertible,401120813,1684622
2026-06-08 12:00:02,2979,BMW,5,8.5,BMW X6 xDrive35i,401120814,2437747
2026-06-08 12:00:02,1997,BMW,4,11.3,BMW 528i xDrive,401120815,1833704
2026-06-08 12:00:02,3342,현대,4,9.4,제네시스 3.3GDI 유로패키지(신연비),401120816,2204346
2026-06-08 12:00:02,2494,토요타,1,16.4,토요타 CAMRY Hybrid,401120819,1263466
2026-06-08 12:00:02,6592,롤스로이스,5,6.3,Rolls Royce Ghost EWB,401120820,3289024
2026-06-08 12:00:02,2494,토요타,4,11.5,토요타 CAMRY,401120821,1801813
2026-06-08 12:00:02,1998,한국지엠,3,12,캡티바 2.0 디젤 FWD AT 7인승,401120822,1487063
2026-06-08 12:00:02,3956,토요타,5,7.6,토요타 FJ Cruiser,401120823,2726428
2026-06-08 12:00:02,3498,벤츠,4,10.1,E350,401120824,2051569
2026-06-08 12:00:25,5461,벤츠,5,7.6,E63 AMG,401120825,2726428
2026-06-08 12:00:26,1984,폭스바겐,4,11.5,Golf GTI,401120846,1801813
2026-06-08 12:00:26,2967,포르쉐,4,11.3,파나메라 디젤 플래티늄에디션,401120847,1579181
2026-06-08 12:00:26,2979,BMW,5,9.2,BMW 335i Convertible,401120848,2252266
2026-06-08 12:00:26,4966,케이지모빌리티,5,7.5,체어맨W 가솔린 5.0 리무진 4인승,401120849,2762780
2026-06-08 12:00:26,4966,케이지모빌리티,5,7.6,체어맨W 가솔린 5.0 2WD 4인승,401120850,2726428
2026-06-08 12:00:26,1598,BMW,3,12.2,MINI Cooper S Clubman,401120858,1698430
2026-06-08 12:00:26,6749,롤스로이스,5,5.9,Rolls-Royce Phantom,401120859,3512008
2026-06-08 12:00:25,4806,포르쉐,5,7.2,파나메라 4S,401120865,2877896
2026-06-08 12:00:01,4395,BMW,5,6.2,BMW X5 M,401120868,3342073
2026-06-08 12:00:26,1598,BMW,3,12.9,MINI Cooper Convertible,401120877,1606267
2026-06-08 12:00:01,6592,롤스로이스,5,6.3,Rolls Royce Ghost,401120886,3289024
2026-06-08 12:00:01,4395,BMW,5,6.2,BMW X6 M,401120887,3342073
2026-06-08 12:00:01,1798,토요타,1,18.1,렉서스 CT200h,401130001,1144798
2026-06-08 12:00:01,2231,한국지엠,4,11.4,캡티바 2.2 디젤 AWD AT 5인승,401130003,1565329
2026-06-08 12:00:26,1997,BMW,3,11.7,BMW 528i,401130004,1771013
2026-06-08 12:00:26,5204,아우디,5,6.4,R8 Spyder 5.2 FSI quattro,401130005,3237633
2026-06-08 12:00:26,2979,BMW,5,8.5,BMW X5 xDrive35i,401130009,2437747
2026-06-08 12:00:01,4395,BMW,5,7,BMW X5 xDrive50i,401130010,2960121
2026-06-08 12:00:01,3696,닛산,5,9.1,INFINITI M37,401130022,2277016
2026-06-08 12:00:01,1396,기아,1,19,프라이드 1.4디젤 (5DR),401130028,939197
2026-06-08 12:00:12,2979,BMW,5,9.2,BMW 535i xDrive GT,401130030,2252266
2026-06-08 12:00:01,1995,BMW,2,15.6,BMW GT EfficientDynamics Edition,401130032,1143894
2026-06-08 12:00:01,2401,볼보,2,14.3,볼보 S60D5,401130033,1247885
2026-06-08 12:00:26,3498,닛산,5,8.3,MURANO,401130041,2496488
2026-06-08 12:00:26,3799,닛산,5,7.7,GTR,401130042,2691019
2026-06-08 12:00:26,2488,닛산,4,10.6,ROGUE (2WD),401130043,1954797
2026-06-08 12:00:01,2993,닛산,4,9.5,INFINITI FX30d,401130046,1878395
2026-06-08 12:00:01,5026,닛산,5,6.8,INFINITI FX50,401130047,3047184
2026-06-08 12:00:26,2496,닛산,4,9.7,INFINITI G25,401130049,2136170
2026-06-08 12:00:01,3498,벤츠,4,10.1,CLS350,401130053,2051569
2026-06-08 12:00:26,1591,현대,3,12.6,벨로스터 1.6 터보GDI 수동6단,401130059,1644512
2026-06-08 12:00:01,2199,현대,3,11.9,맥스크루즈 2.2디젤 2WD 6인,401130108,1499559
2026-06-08 12:00:01,2199,현대,4,11.3,맥스크루즈 2.2디젤 4WD 6인,401130109,1579181
2026-06-08 12:00:14,4691,마세라티,5,6.7,Maserati Granturismo MC,401130260,3092664
2026-06-08 12:00:01,1997,BMW,4,11.2,BMW 520i,401130329,1850076
2026-06-08 12:00:01,1997,BMW,4,9.8,BMW X3 xDrive28i,401130330,2114372
2026-06-08 12:00:01,2993,BMW,3,13,BMW 640d xDrive Gran Coupe,401130394,1372673
2026-06-08 12:00:01,1995,기아,2,13.8,스포티지 2.0디젤 2WD,401130404,1293098
2026-06-08 12:00:01,2497,현대,5,9.1,포터 2.5디젤 4×4 슈퍼캡,401130410,1960962
2026-06-08 12:00:01,1998,기아,4,9.7,스포티지 2.0T-GDI 2WD,401130423,2136170
2026-06-08 12:00:01,1598,폭스바겐,1,18.9,Golf 1.6 TDI BMT,401130433,944167
2026-06-08 12:00:25,1997,BMW,4,10.3,BMW X3 xDrive20i,401130442,2011733
2026-06-08 12:00:04,1984,아우디,4,10,A5 2.0 TFSI quattro,401130484,2072085
2026-06-08 12:00:04,6498,람보르기니,5,5.2,Aventador LP720-4,401130495,3984779
2026-06-08 12:00:01,1685,기아,2,14,카렌스 1.7 디젤 7인 ISG,401130512,1274625
2026-06-08 12:00:01,2979,마세라티,5,7.6,Maserati Ghibli S Q4,401130559,2726428
2026-06-08 12:00:04,2993,BMW,2,14.9,BMW 535d,401130561,1197634
2026-06-08 12:00:04,3605,포르쉐,5,8.3,파나메라 4,401130563,2496488
2026-06-08 12:00:04,3605,포르쉐,5,8.6,파나메라,401130564,2409401
2026-06-08 12:00:01,2993,BMW,2,14.3,BMW 530d xDrive,401130578,1247885
2026-06-08 12:00:04,4806,포르쉐,5,7.3,파나메라 터보,401130590,2838473
2026-06-08 12:00:04,3498,벤츠,5,9,E300 4Matic,401130652,2302317
2026-06-08 12:00:11,3696,닛산,5,9.1,INFINITI Q70 3.7,401130667,2277016
2026-06-08 12:00:01,2993,닛산,4,9.5,INFINITI QX70 3.0d,401130668,1878395
2026-06-08 12:00:10,2993,BMW,3,11.7,BMW X5 M50d,401130675,1525192
2026-06-08 12:00:11,5552,닛산,5,7.7,INFINITI Q70 5.6,401130684,2691019
2026-06-08 12:00:04,1497,혼다,1,19,CIVIC HYBRID,401130694,1090571
2026-06-08 12:00:24,5461,벤츠,5,7.3,CLS63 AMG S 4Matic,401130717,2838473
2026-06-08 12:00:01,3604,크라이슬러,5,7.9,그랜드보이저,401130720,2622892
2026-06-08 12:00:04,1998,GM,4,9.6,캐딜락CTS AWD,401140016,2158422
2026-06-08 12:00:01,2497,기아,4,9.9,봉고 덤프 2륜구동 슈퍼캡,401140028,1802500
2026-06-08 12:00:01,2497,현대,5,8,그랜드 스타렉스 2.5디젤 4WD 리무진,401140054,2230594
2026-06-08 12:00:01,0,한국지엠,802,6,스파크 EV,401140065,732250
2026-06-08 12:00:10,1496,MINI,1,19.4,MINI Cooper D,401140096,919832
2026-06-08 12:00:01,2995,아우디,4,9.7,A8 LWB 3.0 TFSI quattro,401140099,2136170
2026-06-08 12:00:01,3436,포르쉐,5,8.6,911 타르가 4,401140108,2409401
2026-06-08 12:00:01,3598,케이지모빌리티,5,7.3,체어맨W 가솔린 3.6 AWD 리무진 5인승,401140143,2838473
2026-06-08 12:00:04,6299,아우디,5,6.9,A8L W12 quattro,401140152,3003022
2026-06-08 12:00:01,2967,아우디,3,12.6,A8 50 TDI quattro,401140172,1416250
2026-06-08 12:00:11,3800,포르쉐,5,8.2,911 카레라 4S 파워킷 카브리올레,411130245,2526933
2026-06-08 12:00:24,3800,포르쉐,5,8.3,911 타르가 4S,411140112,2496488
2026-06-08 12:00:11,2967,포르쉐,3,11.6,마칸 S 디젤,411140148,1538341
2026-06-08 12:00:04,1984,아우디,5,9,A6 40 TFSI quattro,411140199,2302317
2026-06-08 12:00:04,2995,아우디,5,9,A6 50 TFSI quattro,411140201,2302317
2026-06-08 12:00:04,1995,기아,3,12.9,쏘렌토 2.0디젤 2WD ISG 7인 19인치타이어(UM),411140217,1383314
2026-06-08 12:00:01,2979,BMW,4,9.6,BMW M4 Coupe,411140232,2158422
2026-06-08 12:00:01,2199,기아,3,12,쏘렌토 2.2디젤 4WD ISG 5인(UM),411140237,1487063
2026-06-08 12:00:01,2199,기아,3,11.6,쏘렌토 2.2디젤 4WD ISG 5인 19인치타이어(UM),411140238,1538341
2026-06-08 12:00:12,1999,포드,5,9,Lincoln MKC 2.0 AWD,411140239,2302317
2026-06-08 12:00:01,2979,BMW,4,9.6,BMW M3,411140243,2158422
2026-06-08 12:00:04,796,한국지엠,000,8.9,라보롱카고,411140255,1332792
2026-06-08 12:00:04,796,한국지엠,000,8.9,라보5MT,411140256,1332792
2026-06-08 12:00:01,2967,아우디,3,13.1,A6 45 TDI quattro,411140267,1362195
2026-06-08 12:00:01,5461,벤츠,5,7.2,Mercedes-AMG S63 4Matic Coupe,411140269,2877896
2026-06-08 12:00:01,2360,크라이슬러,4,10.1,짚 체로키 2.4,411140271,2051569
2026-06-08 12:00:01,1984,포르쉐,5,8.9,마칸,411140320,2328185
2026-06-08 12:00:01,2996,벤츠,4,9.4,S400 L,411140440,2204346
2026-06-08 12:00:01,5980,벤츠,5,6.8,Mercedes Maybach S600,411140465,3047184
2026-06-08 12:00:11,3800,포르쉐,5,8.4,911 카레라 GTS 카브리올레,411140478,2466768
2026-06-08 12:00:22,2997,포르쉐,5,7.1,마칸 GTS,411160060,2918430
2026-06-08 12:00:25,4663,벤츠,5,7.6,Mercedes-Maybach S500,441150890,2726428
2026-06-08 12:00:25,1461,르노코리아자동차(주),1,17.7,SM3 1.5 DIESEL,441150897,1008178
2026-06-08 12:00:25,1580,현대,1,20.2,아이오닉 1.6GDI 하이브리드 6DCT_17''타이어,441150907,1025785
2026-06-08 12:00:25,3496,포드,5,7.6,익스플로러,441150909,2726428
2026-06-08 12:00:25,1799,혼다,3,12.3,HR-V 4WD,441150910,1684622
2026-06-08 12:00:22,1968,폭스바겐,2,15.3,Golf Sportsvan 2.0 TDI BMT,441150916,1166324
2026-06-08 12:00:24,1956,크라이슬러,3,11.6,짚 레니게이드,441150917,1538341
2026-06-08 12:00:23,1499,MINI,3,12.5,MINI Cooper five-door,441150918,1657668
2026-06-08 12:00:25,1995,BMW,2,15.7,BMW Active Tourer,441150920,1136608
2026-06-08 12:00:25,4663,벤츠,5,7.6,Mercedes-Maybach S500,441150926,2726428
2026-06-08 12:00:25,5980,벤츠,5,6.4,Mercedes-Maybach S600,441150930,3237633
2026-06-08 12:00:22,2359,기아,4,11.1,K7(YG) 2.4GDI (17인치타이어) (15),441150935,1866743
2026-06-08 12:00:25,2359,기아,4,10.8,K7(YG) 2.4GDI (18인치타이어) (15),441150936,1918597
2026-06-08 12:00:25,1998,GM,4,10.6,캐딜락 ATS,441150938,1954797
2026-06-08 12:00:25,2967,아우디,4,11.4,Q7 45 TDI quattro,441150942,1565329
2026-06-08 12:00:24,1998,GM,4,9.4,캐딜락 CTS AWD,441150943,2204346
2026-06-08 12:00:24,1991,벤츠,4,9.7,Mercedes-AMG CLA45 4Matic,441150945,2136170
2026-06-08 12:00:24,5461,벤츠,5,5.2,Mercedes-AMG G63,441150946,3984779
2026-06-08 12:00:25,3342,기아,4,9.7,K7(YG) 3.3GDI (19인치타이어) (15),441150949,2136170
2026-06-08 12:00:22,1999,재규어,2,13.8,재규어 XE 2.0D,441150953,1293098
2026-06-08 12:00:25,1999,재규어,4,10.3,재규어 XE 2.0T,441150954,2011733
2026-06-08 12:00:25,1618,르노코리아자동차(주),3,12.8,"SM6 1.6(17"" Tire)",441150957,1618816
2026-06-08 12:00:24,1997,르노코리아자동차(주),3,12,"SM6 2.0(18"" Tire)",441150960,1726738
2026-06-08 12:00:25,1998,르노코리아자동차(주),5,9.3,"SM6 2.0 LPLi(17"" Tire)",441150971,1275468
2026-06-08 12:00:25,1998,르노코리아자동차(주),5,9,"SM6 2.0 LPLi(18"" Tire)",441150972,1317983
2026-06-08 12:00:24,1598,닛산,2,13.8,NISSAN QASHQAI,441150973,1293098
2026-06-08 12:00:24,2959,기아,4,10.3,모하비 3.0 디젤 선택4WD 7인(유로6),441150979,1732500
2026-06-08 12:00:25,1991,벤츠,5,9.1,Mercedes-AMG GLA45 4Matic,441150980,2277016
2026-06-08 12:00:23,2959,기아,4,10.7,모하비 3.0 디젤 2WD 5인(유로6),441150984,1667734
2026-06-08 12:00:23,2959,기아,4,10.3,모하비 3.0 디젤 선택4WD 5인(유로6),441150988,1732500
2026-06-08 12:00:23,2959,기아,4,10.2,모하비 3.0 디젤 상시4WD 5인(유로6),441150990,1749485
2026-06-08 12:00:23,1560,푸조,1,18,Peugeot 2008 1.6 BlueHDi,441150995,991375
2026-06-08 12:00:24,1998,GM,4,10.6,캐딜락 ATS COUPE,441151002,1954797
2026-06-08 12:00:25,2967,아우디,3,12.1,A4 55 TDI quattro,441151022,1474773
2026-06-08 12:00:25,2157,케이지모빌리티,4,10.6,코란도 투리스모 9인승 2.2 4WD 7AT,441151025,1683467
2026-06-08 12:00:24,2157,케이지모빌리티,4,11.2,코란도 투리스모 11인승 2.2 2WD 7AT,441151026,1593281
2026-06-08 12:00:23,3496,포드,5,7.9,토러스SHO,441151027,2622892
2026-06-08 12:00:23,2157,케이지모빌리티,4,11.2,코란도 투리스모 9인승 2.2 2WD 7AT,441151028,1593281
2026-06-08 12:00:25,1969,볼보,2,14.6,볼보 V60D5,441151034,1222243
2026-06-08 12:00:24,5980,벤츠,5,6.4,Mercedes-AMG S65 Coupe,441151035,3237633
2026-06-08 12:00:25,5038,현대,5,7.2,"EQ900 5.0GDI AWD 리무진 4인(19""타이어) (15)",441151045,2877896
2026-06-08 12:00:25,1999,현대,803,23.8,쏘나타 2.0GDI 플러그인하이브리드,441151047,870624
2026-06-08 12:00:25,1499,BMW,803,19.1,i8 플러그인하이브리드,441151048,1084861
2026-06-08 12:00:25,1591,기아,3,12.3,K3 1.6GDI (5DR) (2016년형),441151053,1684622
2026-06-08 12:00:24,1591,기아,3,12.4,K3 1.6T-GDI 쿠페_7DCT (2016년형),441151055,1671036
2026-06-08 12:00:25,1991,벤츠,4,10.6,SLC200,441151057,1954797
2026-06-08 12:00:23,1798,토요타,1,21.9,토요타 PRIUS,441151061,946158
2026-06-08 12:00:23,3696,닛산,5,8.3,INFINITI QX50,441151069,2496488
2026-06-08 12:00:25,3456,토요타,3,12.8,렉서스 RX450h,441151070,1618816
2026-06-08 12:00:24,1999,재규어,2,14.2,재규어 XF 20d,441151114,1256673
2026-06-08 12:00:25,6262,페라리,5,4.9,페라리 F12tdf,441151115,4228745
2026-06-08 12:00:24,5204,람보르기니,5,6.6,Huracan LP580-2 Spyder,441151134,3139523
2026-06-08 12:00:23,1591,현대,4,11.5,"투싼(TL) 1.6T-GDI (17"" 타이어) (15)",441151162,1801813
2026-06-08 12:00:24,2400,볼보,3,12.6,볼보 S60CCD4 AWD,441151166,1416250
2026-06-08 12:00:25,2981,포르쉐,5,9.1,911 카레라 4S 카브리올레,441151168,2277016
2026-06-08 12:00:24,2981,포르쉐,4,9.4,911 카레라,441151174,2204346
2026-06-08 12:00:23,2993,랜드로버,4,10.8,레인지로버 3.0D 하이브리드,441151200,1652292
2026-06-08 12:00:24,5000,재규어,5,7.4,재규어 F-Type (5.0SC Convertibvle Project 7),441151205,2800115
2026-06-08 12:00:24,5980,벤츠,5,6.3,Mercedes-AMG S65 L,441151212,3289024
2026-06-08 12:00:25,1956,한국지엠,4,11.4,캡티바 2.0 디젤,441151223,1565329
2026-06-08 12:00:25,1956,한국지엠,3,11.8,캡티바 2.0 디젤,441151247,1512267
2026-06-08 12:00:25,1956,크라이슬러,3,12.2,FIAT 500X,441151248,1462684
2026-06-08 12:00:25,2987,벤츠,4,11.5,S350 d,441151257,1551717
2026-06-08 12:00:25,1999,기아,803,23,K5 2.0GDI 플러그인 하이브리드(15),441151258,900907
2026-06-08 12:00:23,2987,벤츠,3,11.6,S350 d L,441151261,1538341
2026-06-08 12:00:24,2987,벤츠,3,11.6,S350 d 4Matic L,441151263,1538341
2026-06-08 12:00:25,1998,한국지엠,4,10.8,말리부 2.0 TURBO,441151267,1918597
2026-06-08 12:00:25,1490,한국지엠,3,13,말리부 1.5 TURBO,441151268,1593912
2026-06-08 12:00:25,1490,한국지엠,3,12.5,말리부 1.5 TURBO,441151269,1657668
2026-06-08 12:00:25,1998,MINI,3,12.1,MINI Cooper S Convertible,441151271,1712467
2026-06-08 12:00:25,3800,포르쉐,5,7.9,911 터보 S 카브리올레,441151273,2622892
2026-06-08 12:00:25,1950,벤츠,2,15.1,E220 d,441151275,1181772
2026-06-08 12:00:25,1991,벤츠,4,10.8,E300,441151276,1918597
2026-06-08 12:00:25,1560,시트로엥,1,17,DS3 1.6 BlueHDi,441151278,1049691
2026-06-08 12:00:24,4969,토요타,5,7.6,렉서스 GS F,441151286,2726428
2026-06-08 12:00:23,1461,르노코리아자동차(주),1,16.4,"SM6 1.5 DIESEL(18"" Tire)",441151288,1088095
2026-06-08 12:00:25,1582,기아,2,15.2,"쏘울 1.6디젤 18""타이어(17MY)",441151296,1173997
2026-06-08 12:00:25,2993,BMW,3,12.1,BMW 740Ld xDrive,441151298,1474773
2026-06-08 12:00:25,5461,벤츠,5,6.4,Mercedes-AMG S63 4Matic Cabriolet,441151300,3237633
2026-06-08 12:00:25,3982,벤츠,5,7.9,Mercedes-AMG C63 Coupe,441151301,2622892
2026-06-08 12:00:24,3982,벤츠,5,7.5,Mercedes-AMG C63 S Coupe,441151302,2762780
2026-06-08 12:00:24,2967,아우디,4,11,A6 Allroad 40 TDI quattro,441151303,1622250
2026-06-08 12:00:25,1591,기아,4,11.5,"쏘울 1.6GDI 18""타이어 (17MY)",441151306,1801813
2026-06-08 12:00:24,0,현대,802,6.3,아이오닉 전기차,441151310,697381
2026-06-08 12:00:24,3649,GM,5,8.2,캐딜락 CT6,441151312,2526933
2026-06-08 12:00:23,3456,토요타,5,8.9,렉서스 GS350,441151313,2328185
2026-06-08 12:00:25,1582,기아,1,17.7,K3 1.6디젤(4DR) 7DCT_ISG (17''타이어),441151320,1008178
2026-06-08 12:00:25,3800,포르쉐,5,7.9,911 터보 S,441151321,2622892
2026-06-08 12:00:24,3800,포르쉐,5,7.9,911 터보 카브리올레,441151322,2622892
2026-06-08 12:00:23,3800,포르쉐,5,7.9,911 터보,441151323,2622892
2026-06-08 12:00:24,3649,GM,5,8.9,캐딜락 XT5,441151325,2328185
2026-06-08 12:00:24,2157,케이지모빌리티,4,11.4,코란도스포츠 2.2 6AT 2WD,441151332,1565329
2026-06-08 12:00:24,2157,케이지모빌리티,3,12.5,코란도스포츠 2.2 6MT 4WD,441151333,1427580
2026-06-08 12:00:24,2157,케이지모빌리티,3,12.9,코란도스포츠 2.2 6MT 2WD,441151334,1383314
2026-06-08 12:00:25,1560,시트로엥,2,14.5,DS4 Crossback 1.6 BlueHDi,441151336,1230672
2026-06-08 12:00:24,1984,아우디,3,13.3,A4 40 TFSI,441151337,1557959
2026-06-08 12:00:25,2998,BMW,4,9.7,BMW 740Li xDrive,441151340,2136170
2026-06-08 12:00:25,1988,포르쉐,4,9.4,718 박스터,441151342,2204346
2026-06-08 12:00:24,1991,벤츠,4,10.6,C200 Cabriolet,441151344,1954797
2026-06-08 12:00:24,1999,기아,4,9.6,K5(JF) 2.0LPI 6AT(ISG)_17MY (15),441151349,1235609
2026-06-08 12:00:24,1999,기아,4,9.4,K5(JF) 2.0LPI 6AT_17MY (15),441151350,1261899
2026-06-08 12:00:24,1999,기아,5,8.4,"카렌스 2.0LPI 16""타이어(17MY) (15)",441151353,1412125
2026-06-08 12:00:24,1999,기아,5,8,"카렌스 2.0LPI 18""타이어(17MY) (15)",441151354,1482731
2026-06-08 12:00:25,1969,볼보,1,16,볼보 V40D3,441151360,1115297
2026-06-08 12:00:25,1969,볼보,3,11.9,볼보 XC90D5 AWD,441151382,1499559
2026-06-08 12:00:24,3342,현대,5,8.9,"G80 3.3GDI AWD (18""타이어)",441151393,2328185
2026-06-08 12:00:24,1560,시트로엥,1,17.5,Citroen C4 Cactus 1.6 BlueHDi,441151395,1019700
2026-06-08 12:00:25,1582,현대,1,17.3,i30(PD) 1.6디젤_7DCT_ISG (15),441151396,1031488
2026-06-08 12:00:24,1353,현대,3,13,i30(PD) 1.4T-GDI_7DCT (15),441151398,1593912
2026-06-08 12:00:25,2143,벤츠,3,12.7,GLC250 d 4Matic,441151399,1405098
2026-06-08 12:00:25,1995,르노코리아자동차(주),3,11.7,"QM6 2.0 DIESEL(4WD 19"" Tire)",441151404,1525192
2026-06-08 12:00:24,1999,재규어,3,13.2,재규어 XF 20d,441151405,1351875
2026-06-08 12:00:22,2979,마세라티,5,6.4,마세라티 르반떼 S,441151412,3237633
2026-06-08 12:00:24,1560,푸조,1,16.7,Peugeot 208 1.6 BlueHDi,441151421,1068548
2026-06-08 12:00:25,2497,현대,4,9.6,포터 2.5디젤 장축 표준캡(유로6) (15),441151425,1858828
2026-06-08 12:00:23,2497,현대,5,8.9,포터 2.5디젤 초장축 슈퍼캡(유로6) (15),441151428,2005028
2026-06-08 12:00:23,2497,기아,4,9.6,봉고 1t 초장축 슈퍼캡(유로6) (15),441151433,1858828
2026-06-08 12:00:25,2497,기아,5,8.8,봉고 1t 4WD 더블캡(유로6) (15),441151439,2027813
2026-06-08 12:00:24,3342,현대,4,9.7,"아슬란 3.3GDI 8AT (18""타이어) (15)",441151446,2136170
2026-06-08 12:00:25,3342,현대,4,9.6,"아슬란 3.3GDI 8AT (19""타이어) (15)",441151447,2158422
2026-06-08 12:00:24,2497,현대,4,9.6,포터 2.5디젤 장축 슈퍼캡(유로6) (15),441151448,1858828
2026-06-08 12:00:25,2497,현대,4,9.4,포터 2.5디젤 장축 더블캡(유로6) (15),441151450,1898378
2026-06-08 12:00:25,2497,현대,5,8.9,포터 2.5디젤 장축 표준캡(유로6) (15),441151451,2005028
2026-06-08 12:00:25,2497,현대,5,8.9,포터 2.5디젤 장축 슈퍼캡(유로6) (15),441151452,2005028
2026-06-08 12:00:25,2497,현대,5,8.9,포터 2.5디젤 초장축 표준캡(유로6) (15),441151453,2005028
2026-06-08 12:00:25,2497,현대,5,8.6,포터 2.5디젤 장축 더블캡(유로6) (15),441151454,2074971
2026-06-08 12:00:25,2497,현대,5,8.8,포터 2.5디젤 4WD 표준캡(유로6) (15),441151455,2027813
2026-06-08 12:00:25,2497,기아,4,9.6,봉고 1t 장축 슈퍼캡(유로6) (15),441151456,1858828
2026-06-08 12:00:24,2497,기아,5,8.8,봉고 1t 4WD 표준캡(유로6) (15),441151463,2027813
2026-06-08 12:00:25,1995,BMW,2,15.3,BMW Active Tourer,441151471,1166324
2026-06-08 12:00:23,1991,벤츠,4,10.6,CLA250 4Matic,441151472,1954797
2026-06-08 12:00:23,2993,BMW,4,11.2,BMW 740d xDrive,441151481,1593281
2026-06-08 12:00:23,2979,마세라티,5,7.4,마세라티 기블리 S Q4,441151482,2800115
2026-06-08 12:00:23,2184,크라이슬러,3,12.3,짚 체로키 2.2,441151484,1450793
2026-06-08 12:00:24,1998,MINI,3,12.6,MINI Cooper S,441151487,1644512
2026-06-08 12:00:23,2979,마세라티,5,7.4,마세라티 콰트로포르테 S Q4,441151489,2800115
2026-06-08 12:00:23,2993,BMW,3,11.9,BMW 730d xDrive,441151505,1499559
2026-06-08 12:00:25,1991,닛산,4,11.1,INFINITI Q30,441151507,1866743
2026-06-08 12:00:23,2776,크라이슬러,5,8.3,짚 랭글러 2.8 루비콘,441151509,2149970
2026-06-08 12:00:25,1969,볼보,3,13.2,볼보 S90D5 AWD,441151531,1351875
2026-06-08 12:00:23,3993,벤틀리,5,6.7,Flying Spur V8 S,441151532,3092664
2026-06-08 12:00:24,5461,벤츠,5,6.2,Mercedes-AMG GLE63 S 4Matic Coupe,441151534,3342073
2026-06-08 12:00:23,2996,벤츠,5,9,E400 4Matic,441151542,2302317
2026-06-08 12:00:23,1999,랜드로버,4,11,디스커버리 스포츠 2.0D,441151547,1622250
2026-06-08 12:00:25,2494,토요타,2,15.4,토요타 CAMRY Hybrid LE,441151551,1345510
2026-06-08 12:00:23,2199,현대,3,12.5,맥스크루즈 2.2디젤 2WD 6인(8AT) (15),441151554,1427580
2026-06-08 12:00:23,2199,현대,4,11.3,맥스크루즈 2.2디젤 4WD 6인(8AT) (15),441151555,1579181
2026-06-08 12:00:23,2199,현대,2,14.8,"그랜저 2.2디젤 8AT (17""타이어) (15)",441151558,1205726
2026-06-08 12:00:23,2199,현대,2,14.3,"그랜저 2.2디젤 8AT (18""타이어) (15)",441151559,1247885
2026-06-08 12:00:23,2359,현대,4,11.2,"그랜저 2.4GDI (17""타이어) (15)",441151561,1850076
2026-06-08 12:00:25,2359,현대,4,10.8,"그랜저 2.4GDI (19""타이어) (15)",441151563,1918597
2026-06-08 12:00:23,2999,현대,4,10.1,"그랜저 3.0GDI 8AT (18""타이어) (15)",441151564,2051569
2026-06-08 12:00:23,3456,토요타,5,8.6,토요타 SIENNA(2WD),441151568,2409401
2026-06-08 12:00:25,2987,벤츠,5,7.7,G350 d,441151572,2317500
2026-06-08 12:00:23,2995,재규어,5,9.2,재규어 F-Type (3.0SC CONV),441151573,2252266
2026-06-08 12:00:23,2995,재규어,5,8.6,재규어 F-TYPE (3.0SC COUPE S),441151574,2409401
2026-06-08 12:00:25,998,기아,000,15.4,모닝(JA) 1.0가솔린 (15),441151577,1345510
2026-06-08 12:00:23,998,기아,000,16,모닝(JA) 1.0가솔린 (15),441151578,1295053
2026-06-08 12:00:23,2497,기아,5,8.5,봉고 덤프 4WD 슈퍼캡(유로6) (15),441151579,2099382
2026-06-08 12:00:23,3456,토요타,5,8.2,토요타 SIENNA(4WD),441151584,2526933
2026-06-08 12:00:23,2956,포드,5,7.5,Lincoln Town-Continental 3.0 AWD,441151586,2762780
2026-06-08 12:00:25,1997,포드,3,12.4,Kuga 2.0 AWD,441151595,1439093
2026-06-08 12:00:23,4663,벤츠,5,7.6,S500 4Matic L,441151612,2726428
2026-06-08 12:00:24,2157,케이지모빌리티,2,13.8,코란도C 2.2 디젤 6MT AWD,441151616,1293098
2026-06-08 12:00:24,2157,케이지모빌리티,2,14.3,코란도C 2.2 디젤 6MT 2WD,441151617,1247885
2026-06-08 12:00:25,998,기아,000,15.3,모닝(JA) 1.0가솔린_밴형 (16인치 타이어) (15),441151623,1354304
2026-06-08 12:00:25,0,한국지엠,2,5.5,CHEVROLET BOLT EV,441151628,798818
2026-06-08 12:00:25,1399,한국지엠,3,12.8,크루즈 1.4 터보,441151632,1618816
2026-06-08 12:00:22,2143,벤츠,3,12.4,GLC250 d 4Matic Coupe,441151637,1439093
2026-06-08 12:00:22,2143,벤츠,3,12.9,GLC220 d 4Matic Coupe,441151638,1383314
2026-06-08 12:00:22,1685,현대,2,15.4,i40 1.7디젤_7DCT ISG (Wagon_16인치 타이어) (15),441151639,1158750
2026-06-08 12:00:23,6592,롤스로이스,5,5.8,Rolls-Royce Ghost EWB,441151646,3572560
2026-06-08 12:00:23,1999,현대,4,11.3,i40 2.0GDI (Sedan_16인치 타이어) (15),441151647,1833704
2026-06-08 12:00:23,6592,롤스로이스,5,5.7,Rolls-Royce Dawn,441151652,3635237
2026-06-08 12:00:22,6262,페라리,5,5.6,페라리 LaFerrari Aperta,441151653,3700152
2026-06-08 12:00:24,2993,랜드로버,4,10.7,레인지로버 스포츠 3.0D,441151660,1667734
2026-06-08 12:00:23,1560,푸조,2,15.3,Peugeot 308 1.6 BlueHDi,441151661,1166324
2026-06-08 12:00:23,1560,푸조,3,13.7,Peugeot 508SW 1.6 BlueHDi,441151662,1302536
2026-06-08 12:00:24,2359,기아,4,11,K7(YG) 2.4GDI 17MY (18인치타이어) (15),441151668,1883714
2026-06-08 12:00:25,1999,랜드로버,3,11.8,디스커버리 스포츠 2.0D,441151669,1512267
2026-06-08 12:00:24,2359,기아,4,10.6,K7(YG) 2.4GDI 17MY (19인치타이어) (15),441151670,1954797
2026-06-08 12:00:23,1995,BMW,2,14,BMW 520d,441151673,1274625
2026-06-08 12:00:24,1998,BMW,4,11.2,BMW 530i,441151674,1850076
2026-06-08 12:00:25,1798,토요타,803,30.6,토요타 Prius Prime,441151676,677152
2026-06-08 12:00:25,1998,현대,5,9.3,싼타페 2.0T-GDI 2WD 7인 (15),441151679,2228048
2026-06-08 12:00:25,1998,현대,5,9.3,싼타페 2.0T-GDI 2WD 5인 (15),441151681,2228048
2026-06-08 12:00:25,1998,기아,5,8.2,쏘렌토 2.0T-GDI 4WD 5인 (15),441151686,2526933
2026-06-08 12:00:24,1999,기아,4,10.3,"스포티지 2.0MPI(18""타이어) (15)",441151688,2011733
2026-06-08 12:00:25,2776,크라이슬러,5,8.2,짚 랭글러 2.8 사하라,441151689,2176189
2026-06-08 12:00:23,2400,볼보,3,12.1,볼보 V60CCD4 AWD,441151690,1474773
2026-06-08 12:00:24,2400,볼보,3,12.1,볼보 S60CCD4 AWD,441151692,1474773
2026-06-08 12:00:23,1991,벤츠,4,11.3,"C200 4Matic (17"", 18"", 19"" Tire)",441151704,1833704
2026-06-08 12:00:25,1991,벤츠,4,10.9,C200 Coupe,441151707,1900995
2026-06-08 12:00:25,1995,현대,4,11.3,"싼타페 2.0디젤 4WD ISG 7인(19""타이어) (15)",441151714,1579181
2026-06-08 12:00:25,2993,BMW,4,10.5,BMW X5 xDrive30d,441151718,1699500
2026-06-08 12:00:25,1995,현대,4,11.3,"싼타페 2.0디젤 4WD ISG 5인(19""타이어) (15)",441151724,1579181
2026-06-08 12:00:24,2199,현대,4,11.2,"싼타페 2.2디젤 4WD ISG 5인(19""타이어) (15)",441151725,1593281
2026-06-08 12:00:24,1685,현대,1,16.1,"쏘나타(LF) 1.7디젤 개조차 7DCT (16"" 타이어) (15)",441151726,1108370
2026-06-08 12:00:24,1685,현대,2,15.9,"쏘나타(LF) 1.7디젤 개조차 7DCT (17"" 타이어) (15)",441151727,1122311
2026-06-08 12:00:24,1685,현대,2,15.6,"쏘나타(LF) 1.7디젤 개조차 7DCT (18"" 타이어) (15)",441151728,1143894
2026-06-08 12:00:23,1998,BMW,4,10.8,MINI Cooper S Countryman ALL4,441151730,1918597
2026-06-08 12:00:23,1998,BMW,4,11.1,MINI Cooper S Countryman,441151731,1866743
2026-06-08 12:00:23,1998,BMW,4,10.4,BMW 530i xDrive,441151732,1992389
2026-06-08 12:00:23,1685,기아,2,15.2,"카렌스 1.7 디젤 5인 ISG(16""타이어) (15)",441151734,1173997
2026-06-08 12:00:23,2993,BMW,3,13.5,BMW 530d,441151741,1321833
2026-06-08 12:00:25,1998,현대,4,10.7,쏘나타(LF)개조차 2.0T-GDI (15),441151748,1936528
2026-06-08 12:00:24,1999,현대,4,9.5,쏘나타(LF)개조차 2.0LPI AT (15),441151749,1248616
2026-06-08 12:00:23,0,테슬라코리아 유한회사,802,3.9,Model S 90D,441151755,1126538
2026-06-08 12:00:25,3604,크라이슬러,5,9,300C,441151757,2302317
2026-06-08 12:00:24,1995,BMW,2,14.8,BMW Active Tourer,441151760,1205726
2026-06-08 12:00:25,1591,기아,4,11.3,"쏘울 1.6GDI (16""타이어) (15)",441151761,1833704
2026-06-08 12:00:25,1999,현대,3,12,"쏘나타(LF) 2.0CVVL 개조차 (17"" 타이어) (15)",441151763,1726738
2026-06-08 12:00:23,1580,기아,803,25.9,니로(DE) 1.6GDI 플러그인 하이브리드_6DCT (15),441151765,800033
2026-06-08 12:00:25,2993,BMW,4,9.5,BMW X5 M50d,441151766,1878395
2026-06-08 12:00:25,2993,BMW,4,10.4,BMW X5 xDrive40d,441151767,1715841
2026-06-08 12:00:23,2993,BMW,4,10.4,BMW X6 xDrive40d,441151768,1715841
2026-06-08 12:00:25,1997,BMW,4,11.1,BMW 420i Gran Coupe,441151770,1866743
2026-06-08 12:00:23,1995,BMW,4,11.4,BMW X4 xDrive20d,441151771,1565329
2026-06-08 12:00:23,1999,현대,3,12.3,"쏘나타(LF) 2.0CVVL 개조차 (16"" 타이어) (15)",441151777,1684622
2026-06-08 12:00:23,1995,BMW,2,14.1,MINI Cooper SD Countryman,441151778,1265585
2026-06-08 12:00:23,1591,현대,3,12.3,"쏘나타(LF) 1.6T-GDI 개조차 (18"" 타이어) (15)",441151782,1684622
2026-06-08 12:00:11,2497,현대,5,8.3,그랜드 스타렉스 2.5디젤 리무진 2WD (15),441151891,2149970
2026-06-08 12:00:11,2497,현대,5,7.8,그랜드 스타렉스 2.5디젤 리무진 4WD (15),441151892,2287788
2026-06-08 12:00:10,0,기아,802,5.2,쏘울 전기차(18MY),441151893,844904
2026-06-08 12:00:10,1461,르노코리아자동차(주),1,17.3,QM3 1.5 DIESEL,441151895,1031488
2026-06-08 12:00:25,1362,한국지엠,3,13.6,아베오 1.4 HB MT,441151898,1523592
2026-06-08 12:00:20,1362,한국지엠,2,13.8,아베오 1.4 NB MT,441151900,1501511
2026-06-08 12:00:12,1998,토요타,4,11,토요타 86 MT,441151902,1883714
2026-06-08 12:00:24,5000,랜드로버,5,6.4,레인지로버 5.0SC SVA Dynamic,441151903,3237633
2026-06-08 12:00:23,1998,토요타,4,11,토요타 86 AT,441151904,1883714
2026-06-08 12:00:14,1969,볼보,2,15.2,볼보 S60D3,441151907,1173997
2026-06-08 12:00:11,1969,볼보,2,15.2,볼보 V40D3,441151911,1173997
2026-06-08 12:00:23,1969,볼보,2,14.7,볼보 V60D4,441151914,1213929
2026-06-08 12:00:12,1995,BMW,2,14.2,BMW 320d Gran Turismo,441151917,1256673
2026-06-08 12:00:10,796,한국지엠,000,8.6,라보롱카고,441151921,1379285
2026-06-08 12:00:24,1461,르노코리아자동차(주),1,17.7,CLIO,441151923,1008178
2026-06-08 12:00:20,2143,벤츠,3,13,CLS250 d 4Matic,441151927,1372673
2026-06-08 12:00:20,2199,기아,2,14.5,스팅어 2.2디젤 2WD_18인치 타이어 (15),441151929,1230672
2026-06-08 12:00:11,1998,기아,4,10.4,스팅어 2.0T-GDI 2WD_18인치 타이어 (15),441151934,1992389
2026-06-08 12:00:25,1998,기아,4,9.6,스팅어 2.0T-GDI AWD_18인치 타이어 (15),441151936,2158422
2026-06-08 12:00:25,1998,기아,4,9.4,스팅어 2.0T-GDI AWD_19인치 타이어 (15),441151937,2204346
2026-06-08 12:00:25,3342,기아,5,8.4,스팅어 3.3T-GDI AWD_19인치 타이어 (15),441151939,2466768
2026-06-08 12:00:13,1969,볼보,2,15.2,볼보 V40D4,441151941,1173997
2026-06-08 12:00:10,1499,BMW,3,11.9,MINI Cooper Convertible,441151943,1741248
2026-06-08 12:00:24,3342,기아,5,8.6,"K9 3.3GDI (19"" 타이어) (15)",441151946,2409401
2026-06-08 12:00:25,3778,기아,5,8.4,"K9 3.8GDI (19"" 타이어) (15)",441151947,2466768
2026-06-08 12:00:22,5038,기아,5,7.2,"K9 5.0GDI (19"" 타이어) (15)",441151948,2877896
2026-06-08 12:00:24,3456,토요타,3,12.7,렉서스 GS450h,441151951,1631563
2026-06-08 12:00:14,2494,토요타,3,12,렉서스 NX300h,441151953,1726738
2026-06-08 12:00:21,1591,현대,3,12.7,벨로스터 1.6GDI_6DCT (15),441151955,1631563
2026-06-08 12:00:14,1591,현대,3,11.8,벨로스터 1.6GDI (15),441151956,1756004
2026-06-08 12:00:23,1995,기아,3,13.1,"쏘렌토 2.0디젤 2WD ISG 5인(18""타이어) (15)",441151958,1362195
2026-06-08 12:00:21,1995,기아,3,12.6,"쏘렌토 2.0디젤 2WD ISG 7인(18""타이어) (15)",441151959,1416250
2026-06-08 12:00:13,1995,기아,3,12.4,"쏘렌토 2.0디젤 2WD ISG 7인(19""타이어) (15)",441151960,1439093
2026-06-08 12:00:10,1995,기아,3,11.9,"쏘렌토 2.0디젤 4WD ISG 7인(18""타이어) (15)",441151961,1499559
2026-06-08 12:00:12,2199,기아,3,12.3,"쏘렌토 2.2디젤 2WD ISG 7인(18""타이어) (15)",441151964,1450793
2026-06-08 12:00:25,2199,기아,3,12,"쏘렌토 2.2디젤 2WD ISG 7인(19""타이어) (15)",441151965,1487063
2026-06-08 12:00:21,2495,르노코리아자동차(주),5,9.1,SM7 2.5,441151968,2277016
2026-06-08 12:00:11,1998,르노코리아자동차(주),4,11.3,"SM5 2.0 (16"" Tire)",441151971,1833704
2026-06-08 12:00:25,1995,기아,3,12.4,"쏘렌토 2.0디젤 2WD ISG 5인(19""타이어) (15)",441151974,1439093
2026-06-08 12:00:25,1995,기아,3,11.9,"쏘렌토 2.0디젤 4WD ISG 5인(18""타이어) (15)",441151975,1499559
2026-06-08 12:00:25,1995,기아,4,11.3,"쏘렌토 2.0디젤 4WD ISG 5인(19""타이어) (15)",441151976,1579181
2026-06-08 12:00:21,2199,기아,3,12,"쏘렌토 2.2디젤 2WD ISG 5인(19""타이어) (15)",441151977,1487063
2026-06-08 12:00:21,2199,기아,3,11.6,"쏘렌토 2.2디젤 4WD ISG 5인(18""타이어) (15)",441151978,1538341
2026-06-08 12:00:21,2199,기아,4,11.2,"쏘렌토 2.2디젤 4WD ISG 5인(19""타이어) (15)",441151979,1593281
2026-06-08 12:00:23,2497,현대,4,9.4,그랜드 스타렉스 2.5디젤 어린이보호차 2WD (15),441151980,1898378
2026-06-08 12:00:25,1368,현대,2,14.1,엑센트 카파 1.4가솔린 (4DR) (15),441151984,1469564
2026-06-08 12:00:13,1368,현대,3,13.4,엑센트 카파 1.4가솔린 CVT (4DR) (15),441151985,1546332
2026-06-08 12:00:13,2497,현대,4,9.4,그랜드 스타렉스 2.5디젤 어린이버스 2WD (15),441151986,1898378
2026-06-08 12:00:13,1582,현대,1,18.2,엑센트 1.6디젤 (4DR) (15),441151989,980481
2026-06-08 12:00:25,1582,현대,1,17.3,엑센트 1.6디젤 7DCT (5DR) (15),441151991,1031488
2026-06-08 12:00:23,3778,현대,5,7.9,EQ900 3.8GDI AWD 5인 (15),441151993,2622892
2026-06-08 12:00:25,1995,BMW,2,14,BMW 420d Coupe,441151996,1274625
2026-06-08 12:00:25,1995,BMW,3,13.7,BMW 420d Gran Coupe,441151997,1302536
2026-06-08 12:00:20,1969,볼보,4,11.1,볼보 V40T5,441151998,1866743
2026-06-08 12:00:25,1969,볼보,2,15.2,볼보 V40CC,441151999,1173997
2026-06-08 12:00:25,2400,볼보,3,11.6,볼보 XC60D5,441152004,1538341
2026-06-08 12:00:25,1997,시트로엥,3,12.6,DS5 2.0 BlueHDi,441152005,1416250
2026-06-08 12:00:25,1998,BMW,3,11.6,MINI Cooper S Convertible,441152006,1786280
2026-06-08 12:00:25,1997,푸조,3,12.3,Peugeot 508 RXH 2.0 BlueHDi,441152007,1450793
2026-06-08 12:00:23,1997,푸조,3,13.6,Peugeot 308 2.0 BlueHDi,441152008,1312114
2026-06-08 12:00:23,1969,볼보,4,10.2,볼보 V60CCT5 AWD,441152010,2031456
2026-06-08 12:00:13,4966,케이지모빌리티,5,6.9,체어맨W 5.0 리무진 2WD 4인승,441152011,3003022
2026-06-08 12:00:13,4966,케이지모빌리티,5,7,체어맨W 5.0 세단 2WD 4인승,441152012,2960121
2026-06-08 12:00:20,3598,케이지모빌리티,5,7.1,체어맨W 3.6 세단 AWD 4인승,441152013,2918430
2026-06-08 12:00:13,3598,케이지모빌리티,5,7.5,체어맨W 3.6 세단 2WD 5인승,441152014,2762780
2026-06-08 12:00:20,1998,BMW,4,11.1,BMW 430i Convertible,441152015,1866743
2026-06-08 12:00:14,2993,BMW,4,10.1,BMW Gran Turismo 30d xDrive,441152019,1766807
2026-06-08 12:00:11,2199,기아,4,9.9,카니발 2.2디젤 하이리무진 9인 (15),441152026,1802500
2026-06-08 12:00:25,3342,기아,5,7.1,카니발 3.3GDI 하이리무진 9인 (15),441152031,2918430
2026-06-08 12:00:23,3342,기아,5,7.6,카니발 3.3GDI 하이리무진 7인 (15),441152032,2726428
2026-06-08 12:00:25,2497,현대,5,8.7,그랜드 스타렉스 2.5디젤 4WD 12인 (15),441152033,2051121
2026-06-08 12:00:25,2497,현대,4,9.5,그랜드 스타렉스 2.5디젤 2WD 12인 (15),441152034,1878395
2026-06-08 12:00:24,2497,현대,4,10.8,그랜드 스타렉스 2.5디젤 2WD 12인 (15),441152035,1652292
2026-06-08 12:00:13,2497,현대,5,8.7,그랜드 스타렉스 2.5디젤 4WD 11인 (15),441152036,2051121
2026-06-08 12:00:13,2497,현대,4,9.5,그랜드 스타렉스 2.5디젤 2WD 11인 (15),441152037,1878395
2026-06-08 12:00:13,2497,현대,4,10.8,그랜드 스타렉스 2.5디젤 2WD 11인 (15),441152038,1652292
2026-06-08 12:00:13,2497,현대,5,9.3,그랜드 스타렉스 2.5디젤 5밴 (15),441152039,1918790
2026-06-08 12:00:24,2497,현대,4,11,그랜드 스타렉스 2.5디젤 5밴 (15),441152040,1622250
2026-06-08 12:00:23,2497,현대,5,9.3,그랜드 스타렉스 2.5디젤 3밴 (15),441152041,1918790
2026-06-08 12:00:24,2497,현대,4,11,그랜드 스타렉스 2.5디젤 3밴 (15),441152042,1622250
2026-06-08 12:00:24,4608,토요타,5,7.8,렉서스 LS460L,441152043,2656519
2026-06-08 12:00:10,998,기아,000,12.7,레이 1.0가솔린 (15),441152046,1631563
2026-06-08 12:00:13,998,기아,000,10.3,레이 1.0Bi-fuel (15),441152048,1151636
2026-06-08 12:00:24,998,기아,000,12.7,레이 1.0가솔린_밴형 (15),441152052,1631563
2026-06-08 12:00:24,1999,현대,1,17.4,"쏘나타 2.0GDI 하이브리드 개조차 (17""타이어) (15)",441152055,1190853
2026-06-08 12:00:21,1999,현대,1,18,"쏘나타 2.0GDI 하이브리드 개조차 (16""타이어) (15)",441152056,1151158
2026-06-08 12:00:10,3993,벤틀리,5,6.7,Flying Spur V8 S,441152057,3092664
2026-06-08 12:00:11,3993,벤틀리,5,6.7,Flying Spur V8,441152058,3092664
2026-06-08 12:00:12,3993,벤틀리,5,6.7,Flying Spur V8,441152059,3092664
2026-06-08 12:00:14,1995,BMW,3,13.4,BMW 420d xDrive Coupe,441152061,1331698
2026-06-08 12:00:24,3498,닛산,4,10.3,ALTIMA 3.5,441152064,2011733
2026-06-08 12:00:20,1991,벤츠,4,11.2,GLA220,441152065,1850076
2026-06-08 12:00:11,1999,랜드로버,3,13.6,레인지로버 이보크 2.0D,441152066,1312114
2026-06-08 12:00:13,2488,닛산,3,12.5,ALTIMA 2.5,441152068,1657668
2026-06-08 12:00:14,2979,BMW,5,8.7,BMW M4 Convertible,441152072,2381707
2026-06-08 12:00:14,1969,볼보,4,11.1,볼보 S60T5,441152074,1866743
2026-06-08 12:00:24,2979,BMW,5,9.2,BMW M3,441152075,2252266
2026-06-08 12:00:20,2979,BMW,5,9.2,BMW M4 Coupe,441152076,2252266
2026-06-08 12:00:23,1496,BMW,2,15.1,MINI Cooper D,441152077,1181772
2026-06-08 12:00:11,3498,닛산,5,8.3,INFINITI QX60 AWD,441152078,2496488
2026-06-08 12:00:22,1969,볼보,2,14.5,볼보 V60CCD4,441152094,1230672
2026-06-08 12:00:22,1969,볼보,2,14.7,볼보 V60D3,441152095,1213929
2026-06-08 12:00:25,1997,BMW,4,11.2,BMW 420i Gran Coupe,441152096,1850076
2026-06-08 12:00:23,4395,BMW,5,7.8,BMW M6 Coupe,441152097,2656519
2026-06-08 12:00:14,4367,랜드로버,5,8,레인지로버 4.4D,441152099,2230594
2026-06-08 12:00:11,0,르노코리아자동차(주),802,4.4,SM3 Z.E.,441152102,998523
2026-06-08 12:00:14,0,테슬라코리아 유한회사,3,4.3,Model S 75D,441152103,1021744
2026-06-08 12:00:14,1582,기아,1,16.7,"스토닉 1.6디젤 7DCT (17"" 타이어) (15)",441152108,1068548
2026-06-08 12:00:14,6752,벤틀리,5,5.6,Mulsanne Speed,441152109,3700152
2026-06-08 12:00:13,6752,벤틀리,5,5.6,Mulsanne,441152112,3700152
2026-06-08 12:00:14,4395,BMW,5,8.3,BMW 750Li xDrive,441152114,2496488
2026-06-08 12:00:23,2993,BMW,4,10.5,BMW X6 xDrive30d,441152116,1699500
2026-06-08 12:00:11,3604,크라이슬러,5,6.6,짚 랭글러 3.6 사하라,441152118,3139523
2026-06-08 12:00:10,3604,크라이슬러,5,6.6,짚 랭글러 3.6 루비콘,441152119,3139523
2026-06-08 12:00:21,3604,크라이슬러,5,6.5,짚 랭글러 3.6 루비콘,441152120,3187823
2026-06-08 12:00:23,3604,크라이슬러,5,6.9,짚 랭글러 3.6 스포츠,441152121,3003022
2026-06-08 12:00:23,2360,크라이슬러,5,9.2,짚 체로키 2.4,441152122,2252266
2026-06-08 12:00:23,2143,벤츠,2,14.8,B200 d,441152123,1205726
2026-06-08 12:00:22,3696,닛산,5,8.2,INFINITI QX50,441152124,2526933
2026-06-08 12:00:11,1582,현대,1,16.8,"코나 1.6디젤 ISG (16""타이어) (15)",441152126,1062188
2026-06-08 12:00:12,1582,현대,1,16.5,"코나 1.6디젤 ISG (17""타이어) (15)",441152127,1081500
2026-06-08 12:00:23,1582,현대,1,16.2,"코나 1.6디젤 ISG (18""타이어) (15)",441152128,1101528
2026-06-08 12:00:11,2894,포르쉐,5,8.8,파나메라 4S,441152129,2354642
2026-06-08 12:00:23,2995,재규어,5,9.2,재규어 F-Type (3.0SC COUPE),441152130,2252266
2026-06-08 12:00:12,2995,재규어,5,8.5,재규어 F-Type (3.0SC COUPE S AWD),441152132,2437747
2026-06-08 12:00:23,5204,람보르기니,5,5.5,Huracan LP610-4,441152133,3767427
2026-06-08 12:00:10,5204,람보르기니,5,5.3,Huracan LP610-4 Spyder,441152134,3909594
2026-06-08 12:00:12,5000,랜드로버,5,6.4,레인지로버 5.0SC,441152135,3237633
2026-06-08 12:00:12,5000,랜드로버,5,6.4,레인지로버 5.0SC,441152136,3237633
2026-06-08 12:00:12,4367,랜드로버,5,8,레인지로버 4.4D,441152138,2230594
2026-06-08 12:00:14,4367,랜드로버,5,8,레인지로버 4.4D,441152139,2230594
2026-06-08 12:00:25,4367,랜드로버,5,8,레인지로버 4.4D,441152140,2230594
2026-06-08 12:00:23,1591,현대,3,12.3,"코나 1.6T-GDI 2WD (18""타이어) (15)",441152145,1684622
2026-06-08 12:00:21,1591,현대,4,11.3,"코나 1.6T-GDI 4WD (16""타이어) (15)",441152146,1833704
2026-06-08 12:00:12,1368,크라이슬러,3,11.7,피아트 500,441152152,1771013
2026-06-08 12:00:22,5204,람보르기니,5,5.4,Huracan LP580-2 Spyder,441152153,3837194
2026-06-08 12:00:23,1991,벤츠,4,9.6,E300 4Matic (AMG Line),441152155,2158422
2026-06-08 12:00:24,1998,르노코리아자동차(주),5,8.7,"SM5 LPLi (17"" Tire)",441152158,1363431
2026-06-08 12:00:23,3498,닛산,5,8.6,INFINITI QX60,441152160,2409401
2026-06-08 12:00:14,1999,랜드로버,3,12.8,디스커버리 SD4,441152161,1394121
2026-06-08 12:00:25,1997,르노코리아자동차(주),3,11.7,"QM6 2.0 (17"" Tire)",441152165,1771013
2026-06-08 12:00:11,1999,현대,803,23.9,쏘나타 2.0GDI 플러그인 하이브리드 개조차 (15),441152166,866981
2026-06-08 12:00:12,1998,기아,4,9.4,쏘렌토(PE) 2.0T-GDI 2WD 7인 (19인치 타이어) (15),441152172,2204346
2026-06-08 12:00:11,1998,기아,5,8.7,쏘렌토(PE) 2.0T-GDI 4WD 7인 (15),441152173,2381707
2026-06-08 12:00:21,1995,기아,3,13.1,"쏘렌토(PE) 2.0디젤 2WD ISG 5인(18""타이어) (15)",441152174,1362195
2026-06-08 12:00:14,1995,기아,3,12.4,"쏘렌토(PE) 2.0디젤 2WD ISG 7인(19""타이어) (15)",441152176,1439093
2026-06-08 12:00:25,1995,기아,3,11.9,"쏘렌토(PE) 2.0디젤 4WD ISG 7인(18""타이어) (15)",441152177,1499559
2026-06-08 12:00:11,1995,기아,4,11.3,"쏘렌토(PE) 2.0디젤 4WD ISG 7인(19""타이어) (15)",441152178,1579181
2026-06-08 12:00:10,2199,기아,3,13.4,"쏘렌토(PE) 2.2디젤 2WD ISG 5인(18""타이어) (15)",441152179,1331698
2026-06-08 12:00:21,2199,기아,3,12.2,"쏘렌토(PE) 2.2디젤 4WD ISG 5인(18""타이어) (15)",441152182,1462684
2026-06-08 12:00:24,2199,기아,3,11.6,"쏘렌토(PE) 2.2디젤 4WD ISG 7인(19""타이어) (15)",441152185,1538341
2026-06-08 12:00:14,2996,벤츠,5,8.6,S450 L,441152195,2409401
2026-06-08 12:00:10,1997,르노코리아자동차(주),4,11.2,"QM6 2.0 (19"" Tire)",441152196,1850076
2026-06-08 12:00:13,0,닛산,802,5,LEAF,441152197,878700
2026-06-08 12:00:11,4395,BMW,5,7.6,BMW M5,441152198,2726428
2026-06-08 12:00:10,3855,페라리,5,8,페라리 캘리포니아 T,441152199,2590106
2026-06-08 12:00:13,1998,기아,4,9.6,쏘렌토(PE) 2.0T-GDI 2WD 7인 (18인치 타이어)(15),441152201,2158422
2026-06-08 12:00:25,2967,아우디,4,10.8,Q7 35 TDI quattro,441152202,1652292
2026-06-08 12:00:25,1998,현대,4,10.7,G70 2.0T-GDI 2WD (18인치 타이어) (15),441152204,1936528
2026-06-08 12:00:21,1998,현대,4,10.4,G70 2.0T-GDI 2WD (19인치 타이어) (15),441152205,1992389
2026-06-08 12:00:23,1998,현대,4,10,G70 2.0T-GDI AWD (18인치 타이어) (15),441152206,2072085
2026-06-08 12:00:25,1998,현대,4,9.5,G70 2.0T-GDI AWD (19인치 타이어) (15),441152207,2181142
2026-06-08 12:00:13,2967,아우디,4,10.7,Q7 45 TDI quattro,441152208,1667734
2026-06-08 12:00:10,1991,벤츠,4,10.5,GLA250 4Matic,441152209,1973414
2026-06-08 12:00:10,1560,푸조,3,12.7,Peugeot 5008 1.6 BlueHDi,441152211,1405098
2026-06-08 12:00:14,2979,BMW,5,8.9,BMW M4 Convertible Competition Package,441152213,2328185
2026-06-08 12:00:21,2981,포르쉐,5,8.8,911 카레라 4 GTS 카브리올레,441152217,2354642
2026-06-08 12:00:22,2925,벤츠,3,12.3,S400 d 4Matic L,441152221,1450793
2026-06-08 12:00:10,1998,BMW,803,15.4,BMW 740e iPerformance,441152226,1345510
2026-06-08 12:00:20,1969,볼보,3,13.3,볼보 XC60D4 AWD,441152229,1341711
2026-06-08 12:00:11,2993,BMW,4,11.4,BMW 630d xDrive,441152232,1565329
2026-06-08 12:00:23,1560,푸조,3,13.1,Peugeot 3008 1.6 BlueHDi,441152233,1362195
2026-06-08 12:00:20,5461,벤츠,5,6.7,Mercedes-AMG S63 4Matic L,441152235,3092664
2026-06-08 12:00:10,1968,아우디,3,13.1,Q3 30 TDI quattro,441152238,1362195
2026-06-08 12:00:25,2995,재규어,5,8.9,재규어 F-TYPE 400 Sport (RWD Conv),441152239,2328185
2026-06-08 12:00:14,2981,포르쉐,5,8.8,911 카레라 4 GTS,441152243,2354642
2026-06-08 12:00:11,3996,포르쉐,5,7.1,파나메라 터보,441152245,2918430
2026-06-08 12:00:23,2359,현대,5,5.9,그랜드 스타렉스 2.4LPI 어린이보호차 (12인승),441152248,2010483
2026-06-08 12:00:21,3649,GM,5,8.7,캐딜락 XT5,441152252,2381707
2026-06-08 12:00:21,2359,현대,5,5.9,그랜드 스타렉스 2.4LPI 어린이버스 (15인승),441152253,2010483
2026-06-08 12:00:25,3982,벤츠,5,8.4,S560 4Matic L,441152262,2466768
2026-06-08 12:00:21,3982,벤츠,5,8.4,S560 4Matic L,441152263,2466768
2026-06-08 12:00:21,3982,벤츠,5,8.1,Mercedes-Maybach S560 4Matic,441152264,2558130
2026-06-08 12:00:21,2996,벤츠,5,8.6,S450 L,441152265,2409401
2026-06-08 12:00:24,1968,폭스바겐,3,13.7,Tiguan Allspace 2.0 TDI,441152266,1302536
2026-06-08 12:00:23,1968,아우디,2,14,A4 35 TDI quattro,441152268,1274625
2026-06-08 12:00:10,1968,아우디,2,15.5,A4 30 TDI,441152269,1151274
2026-06-08 12:00:10,1968,아우디,2,14.4,A6 35 TDI,441152270,1239219
2026-06-08 12:00:24,1968,아우디,2,15.2,A4 35 TDI,441152272,1173997
2026-06-08 12:00:23,1968,아우디,3,11.8,A6 35 TDI quattro,441152273,1512267
2026-06-08 12:00:12,1968,폭스바겐,2,15.1,Passat GT 2.0 TDI,441152274,1181772
2026-06-08 12:00:10,1968,폭스바겐,2,14.8,Arteon 2.0 TDI,441152278,1205726
2026-06-08 12:00:11,2967,아우디,4,10.9,A6 50 TDI quattro,441152279,1637133
2026-06-08 12:00:25,1597,케이지모빌리티,4,11.4,티볼리 가솔린 AT 2WD Short LEV3,441152281,1817618
2026-06-08 12:00:11,1999,랜드로버,3,12.1,레인지로버 벨라 D180,441152286,1474773
2026-06-08 12:00:23,1499,MINI,3,12.3,MINI Cooper five-door,441152290,1684622
2026-06-08 12:00:24,2993,BMW,3,11.6,BMW M550d xDrive,441152291,1538341
2026-06-08 12:00:10,1997,재규어,4,10.2,재규어 XF 25t AWD,441152292,2031456
2026-06-08 12:00:25,2199,현대,3,13.6,G70 2.2디젤 AWD_17인치타이어 (15),441152294,1312114
2026-06-08 12:00:24,1950,벤츠,2,14.3,E220 d Cabriolet,441152296,1247885
2026-06-08 12:00:24,3604,포르쉐,5,7.4,카이엔 S,441152298,2800115
2026-06-08 12:00:24,2981,포르쉐,5,9.2,911 카레라 GTS,441152300,2252266
2026-06-08 12:00:24,1997,재규어,4,10.5,재규어 XF 25t,441152302,1973414
2026-06-08 12:00:23,1998,BMW,803,16.7,BMW 330e iPerformance,441152306,1240769
2026-06-08 12:00:21,3342,현대,5,8.2,"G80 3.3GDI AWD 스포츠패키지 (19""타이어) (15)",441152314,2526933
2026-06-08 12:00:24,1598,한국지엠,2,15.5,크루즈 1.6 디젤,441152317,1151274
2026-06-08 12:00:24,2487,토요타,3,12.3,토요타 Camry,441152318,1684622
2026-06-08 12:00:24,1969,볼보,803,14.1,볼보 XC60T8 AWD,441152321,1469564
2026-06-08 12:00:14,1999,재규어,3,12.9,재규어 XF 25d AWD,441152324,1383314
2026-06-08 12:00:14,2967,아우디,4,10.8,Q7 35 TDI quattro,441152325,1652292
2026-06-08 12:00:11,1968,폭스바겐,3,13.7,Tiguan Allspace 2.0 TDI,441152328,1302536
2026-06-08 12:00:21,3696,닛산,5,8.2,INFINITI QX50,441152332,2526933
2026-06-08 12:00:13,2157,케이지모빌리티,4,9.8,렉스턴스포츠 2.2 6AT 4WD,441152333,1820893
2026-06-08 12:00:20,2996,벤츠,5,8.7,S450 4Matic L,441152334,2381707
2026-06-08 12:00:14,2996,벤츠,5,8.8,Mercedces-AMG C43 Cabriolet,441152336,2354642
2026-06-08 12:00:24,0,테슬라코리아 유한회사,802,3.8,Model S P100D,441152337,1156184
2026-06-08 12:00:24,3982,벤츠,5,7.3,Mercedces-AMG E63 4Matic +,441152338,2838473
2026-06-08 12:00:25,1591,현대,3,12.4,벨로스터 1.6T-GDI 7DCT (SUMMMER TIRE),441152343,1671036
2026-06-08 12:00:12,6592,롤스로이스,5,5.5,Rolls Royce Dawn Black Badge,441152348,3767427
2026-06-08 12:00:21,1984,아우디,4,11.5,A3 Sedan 40 TFSI,441152351,1801813
2026-06-08 12:00:25,6749,롤스로이스,5,5.8,Rolls Royce Phantom EWB,441152353,3572560
2026-06-08 12:00:20,3993,벤틀리,5,7.3,Continental GT V8,441152354,2838473
2026-06-08 12:00:25,4691,마세라티,5,6.2,마세라티 그란투리스모 MC,441152355,3342073
2026-06-08 12:00:14,4691,마세라티,5,6.1,마세라티 그란카브리오 MC,441152356,3396861
2026-06-08 12:00:10,2995,재규어,5,8.7,재규어 XE 3.0SC S,441152357,2381707
2026-06-08 12:00:25,1984,폭스바겐,3,12.1,Passat 2.0 TSI,441152359,1712467
2026-06-08 12:00:10,2999,기아,4,10,"K7 3.0GDI (18""타이어) (15)",441152360,2072085
2026-06-08 12:00:11,2999,기아,4,9.8,"K7 3.0GDI (19""타이어) (15)",441152366,2114372
2026-06-08 12:00:23,2157,케이지모빌리티,4,10.1,코란도투리스모 11인승 2.2 4WD 7AT,441152367,1766807
2026-06-08 12:00:23,2157,케이지모빌리티,4,10.1,코란도투리스모 9인승 2.2 4WD 7AT,441152368,1766807
2026-06-08 12:00:23,2157,케이지모빌리티,4,10.6,코란도투리스모 11인승 2.2 2WD 7AT,441152369,1683467
2026-06-08 12:00:23,2157,케이지모빌리티,4,10.6,코란도투리스모 9인승 2.2 2WD 7AT,441152370,1683467
2026-06-08 12:00:23,2157,케이지모빌리티,4,9.8,코란도투리스모 샤토 11인승 2.2 4WD 7AT,441152371,1820893
2026-06-08 12:00:25,2157,케이지모빌리티,4,9.8,코란도투리스모 샤토 9인승 2.2 4WD 7AT,441152372,1820893
2026-06-08 12:00:23,1969,볼보,5,8.8,볼보 XC90T6 AWD,441152373,2354642
2026-06-08 12:00:20,3982,벤츠,5,7.8,Mercedes-AMG S63 4Matic + L,441152374,2656519
2026-06-08 12:00:20,1984,아우디,4,9.5,TT Roadster 45 TFSI quattro,441152380,2181142
2026-06-08 12:00:20,2694,포드,5,8,Lincoln Continental 2.7 AWD,441152381,2590106
2026-06-08 12:00:25,2956,포드,5,7.5,Lincoln Continental 3.0 AWD,441152382,2762780
2026-06-08 12:00:11,3456,토요타,4,10.6,렉서스 LS500h AWD,441152384,1954797
2026-06-08 12:00:25,6749,롤스로이스,5,5.8,Rolls Royce Phantom EWB,441152385,3572560
2026-06-08 12:00:10,6749,롤스로이스,5,5.8,Rolls Royce Phantom,441152386,3572560
2026-06-08 12:00:25,6749,롤스로이스,5,5.8,Rolls Royce Phantom,441152387,3572560
2026-06-08 12:00:21,2359,기아,4,11.2,K7 2.4GDI 18MY (17인치타이어) (15),441152388,1850076
2026-06-08 12:00:24,3456,토요타,4,11.5,렉서스 LS500h 2WD,441152395,1801813
2026-06-08 12:00:12,4395,BMW,5,6.7,BMW X6 M,441152396,3092664
2026-06-08 12:00:11,1984,아우디,4,9.6,TT Coupe 45 TFSI quattro,441152397,2158422
2026-06-08 12:00:25,3445,토요타,5,8.8,렉서스 LS500 2WD,441152398,2354642
2026-06-08 12:00:10,1497,토요타,1,18.6,토요타 Prius C,441152399,1114024
2026-06-08 12:00:23,998,기아,000,13,"레이 1.0가솔린 (PE, 14인치 타이어)",441152401,1593912
2026-06-08 12:00:14,3982,벤츠,5,7.8,Mercedes-AMG S63 4Matic + L,441152402,2656519
2026-06-08 12:00:20,1968,폭스바겐,3,13.1,Tiguan 2.0 TDI 4Motion,441152403,1362195
2026-06-08 12:00:23,2199,현대,3,12.1,"G80 2.2디젤 AWD (19""타이어) (15)",441152405,1474773
2026-06-08 12:00:14,1998,GM,4,9.5,캐딜락 CTS AWD,441152410,2181142
2026-06-08 12:00:24,3982,벤츠,5,7.9,S560 L,441152411,2622892
2026-06-08 12:00:14,3982,벤츠,5,7.7,Mercedces-AMG GT S,441152412,2691019
2026-06-08 12:00:24,1998,GM,4,11,캐딜락 ATS RWD,441152413,1883714
2026-06-08 12:00:23,1998,GM,4,11,캐딜락 ATS COUPE,441152414,1883714
2026-06-08 12:00:23,3982,벤츠,5,7.9,S560 L,441152415,2622892
2026-06-08 12:00:21,2979,BMW,4,9.7,BMW M4 CS,441152416,2136170
2026-06-08 12:00:21,998,기아,000,13,"레이 1.0가솔린 밴형 (PE, 14인치 타이어)",441152417,1593912
2026-06-08 12:00:20,2497,현대,4,9.4,그랜드스타렉스 2.5디젤 2WD 5AT_9인 (PE2),441152419,1898378
2026-06-08 12:00:20,2497,현대,4,10.9,그랜드스타렉스 2.5디젤 2WD 6MT (PE2),441152420,1637133
2026-06-08 12:00:11,2497,현대,4,9.7,그랜드스타렉스 2.5디젤 2WD 5AT (PE2),441152421,1839665
2026-06-08 12:00:23,2497,현대,5,8.9,그랜드스타렉스 2.5디젤 4WD 5AT_9인 (PE2),441152426,2005028
2026-06-08 12:00:11,1968,폭스바겐,2,14.5,Tiguan 2.0 TDI,441152429,1230672
2026-06-08 12:00:24,1498,혼다,2,14.2,ACCORD 1.5T,441152430,1459215
2026-06-08 12:00:20,3996,포르쉐,5,7.6,파나메라 터보,441152432,2726428
2026-06-08 12:00:11,1591,기아,3,13,K5(JF) 1.6T-GDI 개조차_16인치 타이어 (15),441152436,1593912
2026-06-08 12:00:11,1591,기아,3,12.3,K5 1.6T-GDI 개조차_18인치 타이어 (15),441152437,1684622
2026-06-08 12:00:23,1591,기아,3,12.8,K5 1.6T-GDI 개조차_17인치 타이어 (15),441152439,1618816
2026-06-08 12:00:20,1984,아우디,4,11.5,A3 40 TFSI,441152446,1801813
2026-06-08 12:00:24,3982,벤츠,5,8,Mercedces-AMG GT,441152447,2590106
2026-06-08 12:00:24,NULL,현대,수소전지차,96.2,넥쏘 수소전기차(17인치타이어),441152449,0
2026-06-08 12:00:12,NULL,현대,수소전지차,93.7,넥쏘 수소전기차(19인치타이어),441152450,0
2026-06-08 12:00:24,1984,아우디,4,11.2,A4 45 TFSI,441152453,1850076
2026-06-08 12:00:23,1997,재규어,4,9.8,재규어 F-TYPE P300 Convertible,441152457,2114372
2026-06-08 12:00:11,2979,BMW,4,9.4,BMW M2,441152459,2204346
2026-06-08 12:00:14,1996,혼다,4,10.8,ACCORD 2.0T,441152461,1918597
2026-06-08 12:00:08,1598,GM,3,12.9,CHEVROLET EQUINOX AWD,441152462,1383314
2026-06-08 12:00:12,1598,기아,2,14.4,K3 1.6 가솔린 CVT (16인치 타이어),441152466,1438948
2026-06-08 12:00:13,1598,기아,2,15.2,K3 1.6 가솔린 CVT (15인치 타이어),441152467,1363214
2026-06-08 12:00:21,2359,현대,5,6.1,그랜드스타렉스 2.4LPI WGN (PE2),441152475,1944566
2026-06-08 12:00:12,1995,현대,3,13.5,싼타페 2.0 디젤 2WD 5인 (19'' 타이어),441152478,1321833
2026-06-08 12:00:11,1995,현대,2,13.8,싼타페 2.0 디젤 2WD 5인 (18'' 타이어),441152479,1293098
2026-06-08 12:00:10,1995,현대,3,12.3,싼타페 2.0 디젤 AWD 7인 (18'' 타이어),441152480,1450793
2026-06-08 12:00:11,1995,현대,3,12.3,싼타페 2.0 디젤 AWD 5인 (18'' 타이어),441152482,1450793
2026-06-08 12:00:21,1998,현대,4,9.5,싼타페 2.0T-GDI 2WD 7인,441152485,2181142
2026-06-08 12:00:21,3456,토요타,5,9,렉서스 RC350,441152486,2302317
2026-06-08 12:00:25,2199,현대,3,13.3,싼타페 2.2 디젤 2WD 5인 (19'' 타이어),441152495,1341711
2026-06-08 12:00:21,2199,현대,3,12.3,싼타페 2.2 디젤 AWD 7인 (18'' 타이어),441152496,1450793
2026-06-08 12:00:10,2199,현대,3,12,싼타페 2.2 디젤 AWD 7인 (19'' 타이어),441152497,1487063
2026-06-08 12:00:23,2199,현대,3,12.3,싼타페 2.2 디젤 AWD 5인 (18'' 타이어),441152498,1450793
2026-06-08 12:00:10,1999,포드,1,16.3,Lincoln MKZ Hybrid,441152505,1271218
2026-06-08 12:00:14,1969,볼보,4,10.9,볼보 XC90D5 AWD,441152514,1637133
2026-06-08 12:00:14,3982,벤츠,5,8.4,S560 L_5인승,441152515,2466768
2026-06-08 12:00:14,3982,벤츠,5,8.4,S560 L_4인승,441152517,2466768
2026-06-08 12:00:21,5204,람보르기니,5,5.8,Huracan LP580-2 Spyder,441152521,3572560
2026-06-08 12:00:12,5204,람보르기니,5,5.6,Huracan LP610-4 Spyder,441152522,3700152
2026-06-08 12:00:24,5204,람보르기니,5,5.6,Huracan LP610-4 Coupe,441152527,3700152
2026-06-08 12:00:21,1969,볼보,3,12.9,볼보 XC60D5 AWD,441152529,1383314
2026-06-08 12:00:24,0,현대,1,5.8,코나 전기자동차 (도심형),441152535,757500
2026-06-08 12:00:10,1598,한국지엠,2,14.1,트랙스 1.6 디젤,441152539,1265585
2026-06-08 12:00:11,3778,기아,5,8.3,K9(RJ) 3.8GDI AWD 19인치 타이어,441152546,2496488
2026-06-08 12:00:11,2199,기아,4,11.3,"카니발 2.2디젤 2WD 9인승 (19"" 타이어)",441152549,1579181
2026-06-08 12:00:12,2199,기아,4,11.4,"카니발 2.2디젤 2WD 11인승 (17"" 타이어)",441152551,1565329
2026-06-08 12:00:13,3342,기아,5,8.1,K9(RJ) 3.3T-GDI AWD 19인치 타이어,441152555,2558130
2026-06-08 12:00:20,3342,기아,5,8.4,K9(RJ) 3.3GDI AWD 19인치 타이어,441152557,2466768
2026-06-08 12:00:14,5000,랜드로버,5,6.3,레인지로버 5.0SC SWB,441152562,3289024
2026-06-08 12:00:11,5000,랜드로버,5,6.1,레인지로버 스포츠 5.0SC SVR,441152564,3396861
2026-06-08 12:00:20,1997,재규어,5,9,재규어 E-PACE P250,441152565,2302317
2026-06-08 12:00:11,3342,기아,5,9.1,K9(RJ) 3.3GDI 2WD 18인치 타이어,441152566,2277016
2026-06-08 12:00:21,3778,기아,5,9,K9(RJ) 3.8GDI 2WD 18인치 타이어,441152569,2302317
2026-06-08 12:00:24,3778,기아,5,8.8,K9(RJ) 3.8GDI 2WD 19인치 타이어,441152570,2354642
2026-06-08 12:00:23,999,한국지엠,000,15,스파크 1.0,441152579,1381390
2026-06-08 12:00:21,2996,벤츠,4,9.9,E400 Cabriolet,441152582,2093015
2026-06-08 12:00:21,1997,닛산,4,9.8,INFINITI QX50 2.0 AWD,441152585,2114372
2026-06-08 12:00:14,2359,현대,5,5.8,그랜드스타렉스(PE2) 2.4LPI 어린이보호차 (12인),441152587,2045147
2026-06-08 12:00:23,2359,현대,5,5.8,그랜드스타렉스(PE2) 2.4LPI 어린이버스 (15인),441152588,2045147
2026-06-08 12:00:11,1984,아우디,4,9.7,A6 40 TFSI quattro,441152589,2136170
2026-06-08 12:00:23,1993,혼다,1,18.9,ACCORD HYBRID,441152606,1096341
2026-06-08 12:00:20,2199,기아,3,13.2,"쏘렌토(19MY) 2.2디젤 2WD ISG 7인(19"" 타이어)",441152608,1351875
2026-06-08 12:00:14,1995,기아,2,13.8,"쏘렌토(19MY) 2.0디젤 2WD ISG 5인 (18"" 타이어)",441152610,1293098
2026-06-08 12:00:21,2261,포드,4,9.4,Mustang 2.3 Coupe,441152612,2204346
2026-06-08 12:00:21,5035,포드,5,7.5,Mustang GT 5.0 Coupe,441152613,2762780
2026-06-08 12:00:14,1995,기아,3,13.1,"쏘렌토(19MY) 2.0디젤 2WD ISG 5인 (19"" 타이어)",441152619,1362195
2026-06-08 12:00:14,5035,포드,5,7.5,Mustang GT 5.0 Convertible,441152622,2762780
2026-06-08 12:00:24,1998,현대,4,10.7,벨로스터 N 2.0T-GDI (STD),441152623,1936528
2026-06-08 12:00:21,2261,포드,4,9.4,Mustang 2.3 Convertible,441152627,2204346
2026-06-08 12:00:20,2199,기아,3,13.6,"쏘렌토(19MY) 2.2디젤 2WD ISG 5인 (18"" 타이어)",441152628,1312114
2026-06-08 12:00:21,1995,기아,3,13.2,"쏘렌토(19MY) 2.0디젤 2WD ISG 7인 (18"" 타이어)",441152629,1351875
2026-06-08 12:00:21,3445,토요타,5,8,렉서스 LS500 AWD,441152631,2590106
2026-06-08 12:00:10,1999,기아,4,9.4,K5 개조차 2.0LPI AT_택시,441152632,1261899
2026-06-08 12:00:23,1999,현대,4,9.4,쏘나타(LF)개조차 2.0LPI AT_택시,441152633,1261899
2026-06-08 12:00:21,1997,랜드로버,5,8.5,레인지로버 벨라 P300,441152635,2437747
2026-06-08 12:00:14,5204,람보르기니,5,6.4,Huracan Performante,441152637,3237633
2026-06-08 12:00:10,999,한국지엠,000,15,스파크 1.0,441152639,1381390
2026-06-08 12:00:14,2488,닛산,4,10,MURANO Hybrid,441152641,2072085
2026-06-08 12:00:11,2987,크라이슬러,4,9.7,짚 그랜드 체로키,441152644,1839665
2026-06-08 12:00:24,1997,재규어,5,9.1,재규어 E-PACE P300,441152647,2277016
2026-06-08 12:00:11,1999,기아,1,18,K5 2.0GDI 하이브리드 개조차_16인치타이어,441152648,1151158
2026-06-08 12:00:10,1999,기아,1,17.2,K5 2.0GDI 하이브리드 개조차_17인치타이어,441152649,1204701
2026-06-08 12:00:11,3982,벤츠,5,7.1,Mercedes-AMG GT R,441152651,2918430
2026-06-08 12:00:10,2996,벤츠,4,9.4,Mercedes-AMG C43 4Matic Coupe,441152652,2204346
2026-06-08 12:00:23,2488,닛산,4,10.6,X-Trail 4WD,441152653,1954797
2026-06-08 12:00:14,1995,기아,3,11.7,쏘렌토(19MY) 2.0디젤 AWD ISG 7인 19인치,441152656,1525192
2026-06-08 12:00:11,2199,기아,3,12.2,쏘렌토(19MY) 2.2디젤 AWD ISG 5인 19인치,441152658,1462684
2026-06-08 12:00:11,1995,기아,3,12.2,쏘렌토(19MY) 2.0디젤 AWD ISG 7인 18인치,441152659,1462684
2026-06-08 12:00:10,2199,기아,3,12.4,쏘렌토(19MY) 2.2디젤 AWD ISG 5인 18인치,441152662,1439093
2026-06-08 12:00:14,2497,현대,5,9.2,그랜드스타렉스(PE2) 2.5디젤 하이루프(12인),441152664,1939647
2026-06-08 12:00:10,2497,현대,5,8.9,그랜드스타렉스(PE2)2.5디젤 리무진 (6P_N/HR),441152665,2005028
2026-06-08 12:00:10,1984,아우디,4,9.7,A5 Cabriolet 45 TFSI quattro,441152667,2136170
2026-06-08 12:00:14,3342,기아,5,7.6,카니발 3.3GDI 하이리무진 9인,441152669,2726428
2026-06-08 12:00:11,1998,기아,4,9.6,스팅어 2.0T-GDI AWD_18인치타이어_19MY,441152674,2158422
2026-06-08 12:00:23,2497,현대,5,8.9,그랜드스타렉스(PE2)2.5디젤 리무진 (9P_N/HR),441152678,2005028
2026-06-08 12:00:14,1997,르노코리아자동차(주),3,12.2,"SM6 2.0(17"" Tire)",441152679,1698430
2026-06-08 12:00:08,0,쎄미시스코,802,3.7,D2,441152681,1187432
2026-06-08 12:00:14,4999,랜드로버,5,5.6,레인지로버 5.0SC SWB,441152683,3700152
2026-06-08 12:00:13,1995,MINI,2,15.8,MINI Cooper SD Five Door,441152691,1129415
2026-06-08 12:00:24,999,한국지엠,000,15,스파크 밴 1.0,441152696,1381390
2026-06-08 12:00:11,1995,MINI,1,16.1,MINI Cooper SD,441152705,1108370
2026-06-08 12:00:24,2199,기아,4,10.3,"카니발 2.2디젤 하이리무진 9인(18"" 타이어)",441152709,1732500
2026-06-08 12:00:13,2199,기아,4,10.3,"카니발 2.2디젤 하이리무진 7인(19"" 타이어)",441152711,1732500
2026-06-08 12:00:11,1991,닛산,4,10.4,INFINITI QX30 AWD,441152714,1992389
2026-06-08 12:00:11,1591,현대,4,10.4,"투싼 개조차 1.6T-GDI AWD (19""타이어)",441152716,1992389
2026-06-08 12:00:08,1591,현대,4,10.9,"투싼 개조차 1.6T-GDI AWD (17""타이어)",441152718,1900995
2026-06-08 12:00:24,1591,현대,3,11.9,"투싼 개조차 1.6T-GDI 2WD (17""타이어)",441152719,1741248
2026-06-08 12:00:14,1591,현대,3,11.6,"투싼 개조차 1.6T-GDI 2WD (18""타이어)",441152720,1786280
2026-06-08 12:00:14,1591,현대,4,11.3,"투싼 개조차 1.6T-GDI 2WD (19""타이어)",441152721,1833704
2026-06-08 12:00:21,0,기아,2,5.5,"니로 전기차 (경제형, 39.2kWh)",441152731,798818
2026-06-08 12:00:11,1999,기아,803,23.8,K5(JF) 2.0GDI 플러그인하이브리드 개조차,441152732,870624
2026-06-08 12:00:13,5204,람보르기니,5,6.3,Huracan Performante Spyder,441152734,3289024
2026-06-08 12:00:20,998,기아,3,13.7,"스토닉 1.0 T-GDI 7DCT (15""타이어)",441152735,1512471
2026-06-08 12:00:24,1999,기아,4,10.8,"스포티지 2.0MPI (PE/17""타이어)",441152741,1918597
2026-06-08 12:00:24,1999,기아,4,10.5,"스포티지 2.0MPI (PE/18"",19""타이어)",441152742,1973414
2026-06-08 12:00:20,1993,혼다,1,18.9,ACCORD HYBRID,441152751,1096341
2026-06-08 12:00:08,1995,BMW,3,13.5,BMW 320d WLTP,441152756,1321833
2026-06-08 12:00:20,1799,혼다,3,11.7,HR-V 2WD,441152757,1771013
2026-06-08 12:00:23,1995,BMW,3,12.8,BMW 320d Touring WLTP,441152758,1394121
2026-06-08 12:00:23,1598,현대,2,15.8,"투싼 개조차 1.6디젤 2WD (18""타이어)",441152760,1129415
2026-06-08 12:00:08,1598,현대,1,16.3,"투싼 개조차 1.6디젤 2WD (17""타이어)",441152761,1094770
2026-06-08 12:00:11,1598,현대,2,15.3,"투싼 개조차 1.6디젤 2WD (19""타이어)",441152762,1166324
2026-06-08 12:00:08,1995,현대,2,14.4,"투싼 개조차 2.0디젤 2WD 8AT (17""타이어)",441152763,1239219
2026-06-08 12:00:23,1995,현대,2,15.1,"투싼 개조차 2.0디젤 2WD 6MT (17""타이어)",441152764,1181772
2026-06-08 12:00:23,1995,현대,2,14.7,"투싼 개조차 2.0디젤 2WD 6MT (18""타이어)",441152765,1213929
2026-06-08 12:00:08,1995,현대,2,14.4,"투싼 개조차 2.0디젤 2WD 6MT (19""타이어)",441152766,1239219
2026-06-08 12:00:24,1995,BMW,3,13.7,BMW 320d EfficientDynamics Edition WLTP,441152773,1302536
2026-06-08 12:00:23,3982,벤츠,5,7.6,Mercedes-AMG E63 S 4Matic +,441152776,2726428
2026-06-08 12:00:24,1598,기아,2,15.8,"스포티지 1.6디젤 2WD (PE/18""타이어)",441152797,1129415
2026-06-08 12:00:24,1598,기아,2,15.3,"스포티지 1.6디젤 2WD (PE/19""타이어)",441152798,1166324
2026-06-08 12:00:24,1995,기아,2,13.8,"스포티지 2.0디젤 2WD 8AT (PE/19""타이어)",441152801,1293098
2026-06-08 12:00:24,2299,르노코리아자동차(주),4,10.8,Master VAN L1H1,441152807,1652292
2026-06-08 12:00:24,2299,르노코리아자동차(주),4,10.5,Master VAN L2H2,441152809,1699500
2026-06-08 12:00:24,1995,기아,3,12.7,"스포티지 2.0디젤 4WD (PE/18""타이어)",441152810,1405098
2026-06-08 12:00:24,1995,기아,3,12.4,"스포티지 2.0디젤 4WD (PE/19""타이어)",441152811,1439093
2026-06-08 12:00:23,1598,기아,1,18.8,"K3 1.6디젤 7DCT (16""타이어)",441152813,949189
2026-06-08 12:00:24,1598,기아,1,20,"K3 1.6디젤 7DCT (15""타이어)",441152814,892238
2026-06-08 12:00:13,1969,볼보,4,10.3,볼보 XC40T4 AWD,441152815,2011733
2026-06-08 12:00:13,1969,볼보,3,12.7,볼보 S90D5 AWD,441152816,1405098
2026-06-08 12:00:24,2894,포르쉐,803,12.3,파나메라 4 E-하이브리드,441152818,1684622
2026-06-08 12:00:24,1998,BMW,4,10.9,BMW 520i,441152819,1900995
2026-06-08 12:00:21,2959,기아,4,9.6,모하비 3.0 디젤 4WD 7인,441152820,1858828
2026-06-08 12:00:24,2959,기아,4,10.1,모하비 3.0 디젤 2WD 7인,441152821,1766807
2026-06-08 12:00:24,2993,BMW,3,11.6,BMW 740d xDrive WLTP,441152823,1538341
2026-06-08 12:00:24,1995,MINI,2,14.7,MINI Cooper D Clubman,441152824,1213929
2026-06-08 12:00:24,1995,BMW,2,14.2,BMW X2 xDrive20d,441152825,1256673
2026-06-08 12:00:24,1969,볼보,3,12.6,볼보 V90CCD5 AWD,441152826,1416250
2026-06-08 12:00:24,3799,마세라티,5,5.7,마세라티 르반떼 트로페오,441152828,3635237
2026-06-08 12:00:24,1969,볼보,4,9.4,볼보 XC60T6 AWD,441152829,2204346
2026-06-08 12:00:25,2157,케이지모빌리티,3,11.8,코란도C 2.2 디젤 6AT AWD EU6C,441152830,1512267
2026-06-08 12:00:24,2199,기아,2,14.6,"K7 2.2디젤 (17""타이어)",441152832,1222243
2026-06-08 12:00:25,2199,기아,2,14.5,"K7 2.2디젤 (18""타이어)",441152833,1230672
2026-06-08 12:00:25,1368,기아,3,12.6,"스토닉 1.4 가솔린 6AT 19MY (17""타이어) (15)",441152835,1644512
2026-06-08 12:00:25,1582,기아,1,16.7,"스토닉 1.6디젤 7DCT 19MY (17"" 타이어) (15)",441152836,1068548
2026-06-08 12:00:24,1995,MINI,2,13.8,MINI Cooper D Countryman,441152843,1293098
2026-06-08 12:00:24,1969,볼보,4,11.1,볼보 S90T5,441152848,1866743
2026-06-08 12:00:24,1995,BMW,3,12.4,BMW 420d Grand Coupe WLTP,441152849,1439093
2026-06-08 12:00:24,1995,BMW,3,11.9,BMW 420d xDrive Gran Coupe WLTP,441152850,1499559
2026-06-08 12:00:20,1995,BMW,3,12.6,BMW 320d xDrive WLTP,441152854,1416250
2026-06-08 12:00:24,1995,기아,2,15,"스포티지 2.0디젤 2WD 6MT (PE/17""타이어)",441152856,1189650
2026-06-08 12:00:11,1995,기아,2,14.4,"스포티지 2.0디젤 2WD 6MT (PE/18""타이어)",441152857,1239219
2026-06-08 12:00:24,1995,기아,2,14.3,"스포티지 2.0디젤 2WD 6MT (PE/19""타이어)",441152858,1247885
2026-06-08 12:00:24,2199,기아,2,14.1,"K7 2.2디젤 (19""타이어)",441152859,1265585
2026-06-08 12:00:23,1582,현대,1,17.8,아반떼(AD PE) 1.6디젤 7DCT,441152860,1002514
2026-06-08 12:00:23,1582,현대,1,17.2,아반떼(AD PE) 1.6디젤_7DCT (17''타이어),441152861,1037485
2026-06-08 12:00:12,1598,현대,2,15.2,아반떼(AD PE) 1.6가솔린 (15'''타이어),441152862,1363214
2026-06-08 12:00:12,1598,현대,2,14.4,아반떼(AD PE) 1.6가솔린 (16'''타이어),441152863,1438948
2026-06-08 12:00:23,1598,현대,2,14.1,아반떼(AD PE) 1.6가솔린 (17'''타이어),441152864,1469564
2026-06-08 12:00:20,1598,현대,2,14,아반떼(AD PE) 1.6가솔린,441152865,1480061
2026-06-08 12:00:20,2497,현대,5,8.3,그랜드스타렉스(PE2)2.5디젤 4WD 리무진 (9P_N/HR),441152867,2149970
2026-06-08 12:00:25,1969,볼보,803,13.3,볼보 XC90T8 AWD,441152870,1557959
2026-06-08 12:00:25,2157,케이지모빌리티,4,10.1,G4 렉스턴 2.2 7AT 4WD SCR 7인승,441152874,1766807
2026-06-08 12:00:23,1995,MINI,3,13.4,MINI Cooper D Countryman ALL4,441152877,1331698
2026-06-08 12:00:23,1995,BMW,4,11.5,BMW X4 xDrive20d,441152879,1551717
2026-06-08 12:00:12,2497,현대,5,8.3,그랜드스타렉스(PE2)2.5디젤 4WD 리무진 (6P_N/HR),441152883,2149970
2026-06-08 12:00:20,1461,르노코리아자동차(주),1,17.4,QM3 1.5 DIESEL,441152884,1025560
2026-06-08 12:00:20,2987,마세라티,4,10,마세라티 기블리 디젤,441152893,1784475
2026-06-08 12:00:20,1995,BMW,3,13,BMW 320d Gran Turismo WLTP,441152894,1372673
2026-06-08 12:00:21,6162,GM,5,7.4,CHEVROLET CAMARO,441152902,2800115
2026-06-08 12:00:24,1591,기아,3,12.2,K3 1.6 T-GDI 4DR 7DCT (ALL SEASON TIRE),441152903,1698430
2026-06-08 12:00:21,1591,기아,3,12.2,K3 1.6 T-GDI 4DR 6MT (ALL SEASON TIRE),441152904,1698430
2026-06-08 12:00:25,2199,기아,3,13.3,스팅어 2.2디젤 AWD_17인치타이어,441152905,1341711
2026-06-08 12:00:25,2199,기아,2,14.1,스팅어 2.2디젤 2WD_18인치타이어,441152906,1265585
2026-06-08 12:00:25,2199,기아,3,13,스팅어 2.2디젤 AWD_18인치타이어,441152907,1372673
2026-06-08 12:00:24,2199,기아,2,15,스팅어 2.2디젤 2WD_17인치타이어,441152908,1189650
2026-06-08 12:00:26,1591,현대,4,11.4,i30 1.6T-GDI_6MT (N_Line),441152912,1817618
2026-06-08 12:00:11,3342,현대,5,8.8,"G80 3.3GDI 2WD 스포츠패키지 19MY (19""타이어)",441152918,2354642
2026-06-08 12:00:11,3342,현대,5,8.2,"G80 3.3GDI AWD 스포츠패키지 19MY (19""타이어)",441152919,2526933
2026-06-08 12:00:11,3342,현대,5,8.9,"G80 3.3GDI 2WD 19MY (19""타이어)",441152921,2328185
2026-06-08 12:00:11,2959,기아,4,10.1,모하비 3.0 디젤 2WD 5인,441152926,1766807
2026-06-08 12:00:12,0,테슬라코리아 유한회사,802,3.4,Model X 100D,441152929,1292206
2026-06-08 12:00:27,2993,BMW,4,11.5,BMW 435d xDrive Gran Coupe WLTP,441152933,1551717
2026-06-08 12:00:26,1493,DFSK,4,9.7,C35S2,441152934,2136170
2026-06-08 12:00:27,3902,페라리,5,6.7,페라리 488 Pista,441152940,3092664
2026-06-08 12:00:12,2157,케이지모빌리티,4,10.1,G4 렉스턴 2.2 7AT 4WD SCR 5인승,441152941,1766807
2026-06-08 12:00:12,2157,케이지모빌리티,4,10.5,G4 렉스턴 2.2 7AT 2WD SCR 5인승,441152942,1699500
2026-06-08 12:00:26,1995,크라이슬러,5,9,짚 랭글러 사하라,441152944,2302317
2026-06-08 12:00:13,0,닛산,2,5.1,LEAF,441152945,861471
2026-06-08 12:00:13,2979,BMW,5,9,BMW M2 Competition Package,441152946,2302317
2026-06-08 12:00:12,3471,혼다,5,8.4,PILOT,441152951,2466768
2026-06-08 12:00:27,1997,르노코리아자동차(주),3,11.7,"QM6 2.0 (17"" Tire)",441152962,1771013
2026-06-08 12:00:27,1997,르노코리아자동차(주),4,11.4,"QM6 2.0 (19"" Tire)",441152963,1817618
2026-06-08 12:00:14,1998,르노코리아자동차(주),4,11.4,"SM6 M4R 2.0 (17"" Tire)",441152967,1817618
2026-06-08 12:00:14,1998,르노코리아자동차(주),4,11.1,"SM6 M4R 2.0 (18"" Tire)",441152968,1866743
2026-06-08 12:00:11,1999,랜드로버,3,12.1,디스커버리 스포츠 TD4 180PS,441152972,1474773
2026-06-08 12:00:27,0,BMW,2,5.4,BMW i3 94Ah,441152989,813611
2026-06-08 12:00:10,1995,BMW,3,13.4,BMW 620d,441153001,1331698
2026-06-08 12:00:13,1995,BMW,3,13,BMW 620d xDrive,441153002,1372673
2026-06-08 12:00:26,3778,현대,5,8.9,G90 3.8GDI 2WD 5인 (18“ 타이어),441153008,2328185
2026-06-08 12:00:12,3778,현대,5,8.1,G90 3.8GDI AWD 4인 (19“ 타이어),441153009,2558130
2026-06-08 12:00:21,5038,현대,5,7.3,G90 5.0GDI AWD 4인 (19“ 타이어),441153016,2838473
2026-06-08 12:00:08,3778,현대,5,8.9,"팰리세이드 3.8GDI AWD 8인 (20"" 타이어)",441153017,2328185
2026-06-08 12:00:11,3778,현대,4,9.6,"팰리세이드 3.8GDI 2WD 8인 (18"" 타이어)",441153018,2158422
2026-06-08 12:00:08,3342,현대,5,8.4,G90 3.3T-GDI 2WD 5인 (19“ 타이어),441153020,2466768
2026-06-08 12:00:08,3342,현대,5,8,G90 3.3T-GDI AWD 5인 (19“ 타이어),441153021,2590106
2026-06-08 12:00:14,5038,현대,5,7.2,"G90 5.0GDI AWD 리무진 5인 (19""타이어)",441153024,2877896
2026-06-08 12:00:14,5038,현대,5,7.3,G90 5.0GDI AWD 5인 (19“ 타이어),441153025,2838473
2026-06-08 12:00:12,2993,BMW,4,9.7,BMW X5 M50d,441153028,1839665
2026-06-08 12:00:11,3778,현대,5,9.3,"팰리세이드 3.8GDI 2WD 8인(20""타이어)",441153032,2228048
2026-06-08 12:00:13,2199,현대,3,12.6,"팰리세이드 2.2디젤 2WD 7인(18"" 타이어)",441153035,1416250
2026-06-08 12:00:11,2199,현대,3,11.8,"팰리세이드 2.2디젤 AWD 8인(18""타이어)",441153038,1512267
2026-06-08 12:00:11,3778,현대,5,8.9,"팰리세이드 3.8GDI AWD 7인 (20"" 타이어)",441153039,2328185
2026-06-08 12:00:10,3778,현대,4,9.6,"팰리세이드 3.8GDI 2WD 7인 (18"" 타이어)",441153040,2158422
2026-06-08 12:00:12,3778,현대,5,9,"팰리세이드 3.8GDI AWD 7인(18""타이어)",441153042,2302317
2026-06-08 12:00:12,2996,벤츠,5,8.9,S350 L,441153043,2328185
2026-06-08 12:00:12,1796,한국지엠,1,17.1,말리부 1.8 HYBRID,441153044,1211746
2026-06-08 12:00:12,2199,현대,3,12,"팰리세이드 2.2디젤 2WD 7인(20""타이어)",441153046,1487063
2026-06-08 12:00:12,1499,PSA Automobiles,2,15.1,Peugeot 308 1.5 BlueHDi,441153049,1181772
2026-06-08 12:00:11,1997,PSA Automobiles,3,13.1,Peugeot 308 GT 2.0 BlueHDi,441153050,1362195
2026-06-08 12:00:26,2299,르노코리아자동차(주),4,9.7,Master Bus 13p,441153060,1839665
2026-06-08 12:00:13,1498,혼다,4,11.4,CR-V 4WD,441153064,1817618
2026-06-08 12:00:12,2993,BMW,4,11.1,BMW X4 xDrive30d,441153068,1607635
2026-06-08 12:00:26,2157,케이지모빌리티,4,10,렉스턴스포츠 칸 2.2 6AT 2WD Long deck,441153076,1784475
2026-06-08 12:00:08,2157,케이지모빌리티,4,10.6,렉스턴스포츠 칸 2.2 6MT 4WD Long deck,441153077,1683467
2026-06-08 12:00:26,2157,케이지모빌리티,4,10.9,렉스턴스포츠 칸 2.2 6MT 2WD Long deck,441153078,1637133
2026-06-08 12:00:26,0,테슬라코리아 유한회사,802,4.1,Model X 100D,441153079,1071585
2026-06-08 12:00:27,3604,크라이슬러,5,7.9,짚 그랜드 체로키,441153082,2622892
2026-06-08 12:00:11,1950,벤츠,2,14.2,E220 d,441153091,1256673
2026-06-08 12:00:13,1950,벤츠,2,14.4,C220 d,441153100,1239219
2026-06-08 12:00:08,1998,GM,4,11,캐딜락 CT6 2.0T,441153101,1883714
2026-06-08 12:00:25,2993,BMW,4,10,BMW X5 xDrive30d,441153121,1784475
2026-06-08 12:00:27,2487,토요타,4,11.4,토요타 RAV4 2WD,441153127,1817618
2026-06-08 12:00:26,2488,닛산,3,12.8,Altima 2.5,441153128,1618816
2026-06-08 12:00:12,2995,포르쉐,5,7.3,카이엔,441153134,2838473
2026-06-08 12:00:13,2993,랜드로버,4,9.7,디스커버리 SD6,441153135,1839665
2026-06-08 12:00:12,0,기아,2,5.6,"쏘울 전기차 (도심형, 39.2kWh)",441153136,784554
2026-06-08 12:00:11,2184,크라이슬러,4,11.1,짚 체로키 2.2,441153144,1607635
2026-06-08 12:00:11,3498,닛산,5,8.7,INFINITI QX60 AWD,441153146,2381707
2026-06-08 12:00:11,1499,PSA Automobiles,2,15.5,Citroen C4 Cactus 1.5 BlueHDi,441153148,1151274
2026-06-08 12:00:10,0,테슬라코리아 유한회사,802,4.1,Model X 75D,441153153,1071585
2026-06-08 12:00:08,1999,랜드로버,3,11.6,레인지로버 벨라 D180,441153156,1538341
2026-06-08 12:00:13,1999,재규어,4,11.5,재규어 F-PACE 20d AWD,441153161,1551717
2026-06-08 12:00:26,0,테슬라코리아 유한회사,802,4.1,Model X 75D,441153164,1071585
2026-06-08 12:00:14,0,테슬라코리아 유한회사,802,4.1,Model X 75D,441153165,1071585
2026-06-08 12:00:13,4367,랜드로버,5,7.6,레인지로버 SDV8,441153169,2347993
2026-06-08 12:00:12,1991,벤츠,4,10.6,C200 Cabriolet,441153170,1954797
2026-06-08 12:00:21,1984,아우디,5,8.6,Q7 45 TFSI quattro,441153171,2409401
2026-06-08 12:00:26,0,재규어,802,3.5,재규어 I-PACE EV400,441153172,1255286
2026-06-08 12:00:26,1995,BMW,3,13.5,BMW 320d xDrive,441153174,1321833
2026-06-08 12:00:11,2956,포드,5,8.1,Lincoln Continental 3.0 AWD,441153176,2558130
2026-06-08 12:00:13,1999,재규어,3,13.1,재규어 XE 20d,441153177,1362195
2026-06-08 12:00:10,1984,아우디,5,8.6,Q7 45 TFSI quattro,441153179,2409401
2026-06-08 12:00:11,1999,재규어,3,12.7,재규어 XF 20d,441153180,1405098
2026-06-08 12:00:12,1995,BMW,3,13.6,BMW X2 xDrive18d,441153183,1312114
2026-06-08 12:00:26,1987,토요타,2,15.9,렉서스 UX250h AWD,441153184,1303198
2026-06-08 12:00:26,1987,토요타,1,16.7,렉서스 UX250h 2WD,441153186,1240769
2026-06-08 12:00:11,1597,케이지모빌리티,2,14.1,코란도 1.6 디젤 6AT 2WD SCR,441153188,1265585
2026-06-08 12:00:13,1998,BMW,4,11.1,BMW 330i,441153192,1866743
2026-06-08 12:00:10,1998,BMW,4,10.4,BMW 330i xDrive,441153193,1992389
2026-06-08 12:00:13,1499,PSA Automobiles,2,14.6,Peugeot 508SW 1.5 BlueHDi,441153205,1222243
2026-06-08 12:00:13,1499,PSA Automobiles,2,14.6,Peugeot 508 1.5 BlueHDi,441153206,1222243
2026-06-08 12:00:12,2995,포르쉐,5,8.5,파나메라 4 (5인승),441153212,2437747
2026-06-08 12:00:12,2995,포르쉐,5,8.5,파나메라 4,441153213,2437747
2026-06-08 12:00:10,3996,포르쉐,5,7.1,파나메라 GTS,441153214,2918430
2026-06-08 12:00:09,3982,벤츠,5,6.7,Mercedes-AMG S63 4Matic Cabriolet,441153216,3092664
2026-06-08 12:00:26,2993,BMW,4,9.5,BMW X7 xDrive30d,441153225,1878395
2026-06-08 12:00:26,1999,재규어,3,12.6,재규어 E-PACE D150,441153228,1416250
2026-06-08 12:00:12,3996,람보르기니,5,6.3,Urus,441153230,3289024
2026-06-08 12:00:12,5980,벤츠,5,6.3,Mercedes-Maybach S650,441153233,3289024
2026-06-08 12:00:10,1997,PSA Automobiles,3,12.7,Citroen C5 AirCross 2.0 BlueHDi,441153243,1405098
2026-06-08 12:00:21,6498,람보르기니,5,4.4,Aventador SVJ Roadster,441153246,4709284
2026-06-08 12:00:27,0,현대,1,6.3,아이오닉 전기차(PE),441153254,697381
2026-06-08 12:00:14,2996,벤츠,4,9.4,Mercedes-AMG SLC43,441153255,2204346
2026-06-08 12:00:25,1995,BMW,3,12.8,BMW 320d Gran Turismo RDE,441153256,1394121
2026-06-08 12:00:13,2487,토요타,2,15.5,토요타 RAV4 Hybrid AWD,441153258,1336829
2026-06-08 12:00:26,2993,BMW,4,11.3,BMW 435d xDrive Gran Coupe RDE,441153259,1579181
2026-06-08 12:00:13,3982,벤츠,5,7.6,Mercedes-AMG E63 4Matic +,441153262,2726428
2026-06-08 12:00:10,1998,기아,4,9.5,스팅어 2.0T-GDI AWD_19인치타이어(올시즌),441153267,2181142
2026-06-08 12:00:27,2993,BMW,3,11.8,BMW 730d xDrive,441153269,1512267
2026-06-08 12:00:26,1995,BMW,3,11.9,BMW 420d xDrive Gran Coupe RDE,441153275,1499559
2026-06-08 12:00:26,1597,케이지모빌리티,2,14.5,티볼리 1.6 디젤 2WD 6AT SCR,441153279,1230672
2026-06-08 12:00:12,1995,BMW,3,12.4,BMW 620d xDrive,441153281,1439093
2026-06-08 12:00:21,1598,현대,2,15.7,"코나 1.6디젤 4WD (16""타이어)",441153286,1136608
2026-06-08 12:00:13,2993,BMW,5,7.1,BMW X3 M Competition,441153288,2918430
2026-06-08 12:00:27,1991,벤츠,4,10.2,E350 4MATIC,441153293,2031456
2026-06-08 12:00:25,1969,볼보,803,15,볼보 S90T8 AWD,441153299,1381390
2026-06-08 12:00:08,1995,BMW,3,12.2,BMW X4 xDrive20d,441153304,1462684
2026-06-08 12:00:26,2998,BMW,4,9.4,BMW 740Li xDrive,441153305,2204346
2026-06-08 12:00:26,0,(주)루트17,901,6.1,DANIGO 3,441153310,720246
2026-06-08 12:00:10,1497,케이지모빌리티,4,10.2,티볼리 가솔린 1.5 AT AWD 기준4,441153312,2031456
2026-06-08 12:00:11,1497,케이지모빌리티,3,11.6,티볼리 가솔린 1.5 AT 2WD 기준4 (16인치 타이어),441153314,1786280
2026-06-08 12:00:11,1497,케이지모빌리티,3,12.1,티볼리 가솔린 1.5 MT 2WD 기준4,441153315,1712467
2026-06-08 12:00:08,4969,토요타,5,7.7,렉서스 LC500,441153316,2691019
2026-06-08 12:00:12,1995,BMW,3,11.9,BMW X3 xDrive20d,441153318,1499559
2026-06-08 12:00:12,1968,아우디,2,15.8,A6 40 TDI,441153321,1129415
2026-06-08 12:00:08,5980,벤츠,5,5.5,Mercedes-Maybach S650 pullman,441153322,3767427
2026-06-08 12:00:25,1999,현대,1,19.1,쏘나타(DN8) 2.0GDI 하이브리드_17인치타이어,441153327,1084861
2026-06-08 12:00:13,2981,포르쉐,5,8.2,911 카레라 4S 카브리올레,441153328,2526933
2026-06-08 12:00:27,2999,기아,5,7.6,"K7 3.0 LPI (PE/17""타이어)",441153335,1560770
2026-06-08 12:00:11,4395,BMW,5,7.7,BMW 750Li xDrive,441153339,2691019
2026-06-08 12:00:26,2497,기아,4,11.1,K7 2.5 GDI (PE/19”타이어),441153341,1866743
2026-06-08 12:00:21,2497,기아,3,11.6,K7 2.5 GDI (PE/18”타이어),441153342,1786280
2026-06-08 12:00:27,2981,포르쉐,5,8.2,911 카레라 S 카브리올레,441153346,2526933
2026-06-08 12:00:13,2993,BMW,5,7.1,BMW X4 M,441153350,2918430
2026-06-08 12:00:20,2993,BMW,5,7.1,BMW X3 M,441153351,2918430
2026-06-08 12:00:14,1499,PSA Automobiles,2,14.1,Citroen C3 AirCross 1.5 BlueHDi,441153357,1265585
2026-06-08 12:00:13,2199,기아,2,14.6,"K7 2.2디젤 (PE/17""타이어)",441153361,1222243
2026-06-08 12:00:27,2999,기아,4,10,"K7 3.0GDI (PE/18""타이어)",441153365,2072085
2026-06-08 12:00:25,2359,기아,1,16.2,"K7 2.4하이브리드 (PE/17""타이어)",441153366,1279065
2026-06-08 12:00:08,1999,기아,4,10.5,"스포티지 2.0MPI (PE/18"",19""타이어) (19)",441153367,1973414
2026-06-08 12:00:09,1591,현대,3,12,아반떼 1.6T-GDI_7DCT (19MY),441153371,1726738
2026-06-08 12:00:10,1591,현대,3,11.6,아반떼 1.6T-GDI (19MY),441153372,1786280
2026-06-08 12:00:11,1591,현대,4,10.6,아반떼 1.6LPI (15''/16'' 타이어) (19MY),441153373,1119042
2026-06-08 12:00:10,1997,랜드로버,5,8.9,레인지로버 이보크 P250,441153375,2328185
2026-06-08 12:00:13,2497,현대,5,8.2,그랜드스타렉스 2.5디젤 4WD 어린이보호차(법규대응),441153377,2176189
2026-06-08 12:00:12,2497,현대,5,9.2,그랜드스타렉스 2.5디젤 어린이보호차(법규대응),441153380,1939647
2026-06-08 12:00:12,2497,현대,5,9.2,그랜드스타렉스 2.5디젤 어린이버스(법규대응),441153381,1939647
2026-06-08 12:00:12,2359,현대,5,5.8,그랜드스타렉스 2.4LPI 어린이보호차(법규대응),441153382,2045147
2026-06-08 12:00:12,2359,현대,5,5.8,그랜드스타렉스 2.4LPI 어린이버스(법규대응),441153383,2045147
2026-06-08 12:00:26,3471,혼다,5,9,ODYSSEY,441153384,2302317
2026-06-08 12:00:12,2996,벤츠,5,8.5,Mercedes-AMG GLC43 4Matic,441153385,2437747
2026-06-08 12:00:14,1598,기아,1,17.6,"셀토스 1.6디젤 2WD (16"" 타이어)",441153388,1013906
2026-06-08 12:00:14,1598,기아,1,17,"셀토스 1.6디젤 2WD (17"" 타이어)",441153389,1049691
2026-06-08 12:00:25,1598,기아,2,15.3,"셀토스 1.6디젤 4WD (17"" 타이어)",441153390,1166324
2026-06-08 12:00:13,1598,기아,2,14.8,"셀토스 1.6디젤 4WD (18"" 타이어)",441153391,1205726
2026-06-08 12:00:14,2999,벤츠,5,9.1,GLE450 4Matic,441153392,2277016
2026-06-08 12:00:20,1598,기아,1,16.1,"셀토스 1.6디젤 4WD (16"" 타이어)",441153393,1108370
2026-06-08 12:00:20,2497,현대,4,11,그랜드스타렉스 2.5 디젤 5밴 6MT (20MY),441153394,1622250
2026-06-08 12:00:12,1598,현대,1,16.8,"코나 1.6디젤 2WD (18"" 타이어)",441153398,1062188
2026-06-08 12:00:11,1598,현대,2,15.3,"코나 1.6디젤 4WD (17"" 타이어)",441153399,1166324
2026-06-08 12:00:14,3982,벤츠,5,7.2,Mercedes-AMG S63 4Matic + L,441153403,2877896
2026-06-08 12:00:20,3982,벤츠,5,7.2,Mercedes-AMG S63 4Matic + L,441153404,2877896
2026-06-08 12:00:08,1999,랜드로버,3,11.9,레인지로버 이보크 D180,441153406,1499559
2026-06-08 12:00:27,1999,랜드로버,3,12.5,레인지로버 이보크 D150,441153407,1427580
2026-06-08 12:00:27,2925,벤츠,3,12.7,S350 d,441153408,1405098
2026-06-08 12:00:13,1591,기아,3,12.7,"셀토스 1.6T-GDI 2WD (16"" 타이어)",441153409,1631563
2026-06-08 12:00:12,1591,기아,3,12.2,"셀토스 1.6T-GDI 2WD (17"" 타이어)",441153410,1698430
2026-06-08 12:00:13,1591,기아,3,11.8,"셀토스 1.6T-GDI 2WD (18"" 타이어)",441153411,1756004
2026-06-08 12:00:11,1591,기아,4,11.1,"셀토스 1.6T-GDI 4WD (16"" 타이어)",441153412,1866743
2026-06-08 12:00:13,2996,벤츠,5,9,E450 4Matic Coupe,441153417,2302317
2026-06-08 12:00:12,2497,현대,5,8.9,그랜드스타렉스 2.5디젤 4WD 5AT_9인 (PE2/20MY),441153418,2005028
2026-06-08 12:00:12,2497,현대,4,9.4,그랜드스타렉스 2.5디젤 2WD 5AT_9인 (PE2/20MY),441153419,1898378
2026-06-08 12:00:12,2360,크라이슬러,5,9.2,짚 레니게이드 2.4 AWD,441153422,2252266
2026-06-08 12:00:14,0,테슬라코리아 유한회사,3,4.3,Model S Long Range,441153426,1021744
2026-06-08 12:00:13,1999,현대,1,19.8,쏘나타(DN8) 2.0GDI 하이브리드_16인치(빌트인캠),441153435,1046508
2026-06-08 12:00:14,5461,벤츠,5,6.5,Mercedes-AMG GLE63 S 4Matic Coupe,441153437,3187823
2026-06-08 12:00:27,1984,아우디,3,12.5,A4 40 TFSI,441153438,1657668
2026-06-08 12:00:10,1991,벤츠,4,10.3,벤츠 C200 Cabriolet,441153440,2011733
2026-06-08 12:00:27,1997,PSA Automobiles,3,13.3,Peugeot 508 SW 2.0 BlueHDi,441153444,1341711
2026-06-08 12:00:25,0,테슬라코리아 유한회사,802,4.3,Model S Standard Range,441153446,1021744
2026-06-08 12:00:13,0,GM,2,5.4,CHEVROLET BOLT EV,441153448,813611
2026-06-08 12:00:25,1969,볼보,4,11.1,볼보 S90T5,441153449,1866743
2026-06-08 12:00:12,0,테슬라코리아 유한회사,4,3.9,Model X Long Range,441153451,1126538
2026-06-08 12:00:14,0,테슬라코리아 유한회사,4,3.9,Model X Long Range,441153452,1126538
2026-06-08 12:00:14,2359,현대,5,5.7,그랜드스타렉스 2.4LPI 어린이버스 (15인) 5AT,441153453,2081026
2026-06-08 12:00:26,3982,벤츠,5,7.1,Mercedes-AMG GLC63 4Matic,441153454,2918430
2026-06-08 12:00:12,2497,현대,4,11,그랜드스타렉스 2.5 디젤 3밴 6MT (20MY),441153456,1622250
2026-06-08 12:00:27,0,쎄미시스코,901,5.2,D2C,441153458,844904
2026-06-08 12:00:26,0,테슬라코리아 유한회사,4,3.7,Model X Performance,441153459,1187432
2026-06-08 12:00:12,0,테슬라코리아 유한회사,4,3.7,Model X Performance,441153460,1187432
2026-06-08 12:00:11,0,테슬라코리아 유한회사,802,3.8,Model X Standard Range,441153462,1156184
2026-06-08 12:00:11,3982,벤츠,5,7.2,Mercedes-AMG GT63 S 4Matic +,441153463,2877896
2026-06-08 12:00:21,0,테슬라코리아 유한회사,802,3.8,Model X Standard Range,441153464,1156184
2026-06-08 12:00:12,1998,현대,4,10.5,G70 2.0T-GDI 2WD (19인치 올시즌타이어),441153470,1973414
2026-06-08 12:00:11,3342,현대,5,9.1,G70 3.3T-GDI 2WD (19인치 올시즌타이어),441153471,2277016
2026-06-08 12:00:13,1998,현대,4,10.7,G70 2.0T-GDI 2WD_18인치 타이어_20MY,441153473,1936528
2026-06-08 12:00:13,1998,현대,4,10.4,G70 2.0T-GDI 2WD_19인치 타이어_20MY,441153474,1992389
2026-06-08 12:00:13,1998,현대,4,10,G70 2.0T-GDI AWD_18인치 타이어_20MY,441153475,2072085
2026-06-08 12:00:20,1998,현대,4,9.5,G70 2.0T-GDI AWD_19인치 타이어_20MY,441153476,2181142
2026-06-08 12:00:20,3342,현대,5,9,G70 3.3T-GDI 2WD_19인치 타이어_20MY,441153477,2302317
2026-06-08 12:00:12,3342,현대,5,8.6,G70 3.3T-GDI AWD_19인치 타이어_20MY,441153478,2409401
2026-06-08 12:00:12,2199,현대,3,13.5,G70 2.2디젤 AWD_18인치타이어_20MY,441153480,1321833
2026-06-08 12:00:12,1984,아우디,4,11.4,A6 45 TFSI quattro,441153486,1817618
2026-06-08 12:00:12,1991,벤츠,803,13.9,E300e,441153487,1490709
2026-06-08 12:00:12,2998,BMW,5,9,BMW 840i xDrive,441153489,2302317
2026-06-08 12:00:27,1499,PSA Automobiles,2,15.6,DS3 Crossback 1.5 BlueHDi,441153493,1143894
2026-06-08 12:00:10,1749,르노코리아자동차(주),2,14.4,"QM6 1.7 DIESEL (2WD 17"" Tire)",441153495,1239219
2026-06-08 12:00:27,2967,폭스바겐,4,10.3,Touareg 3.0 TDI,441153497,1732500
2026-06-08 12:00:11,3649,GM,5,8.3,캐딜락 XT6,441153500,2496488
2026-06-08 12:00:11,2497,기아,5,9.2,봉고 1톤 4X4장축 더블캡 (강화유로6),441153501,1939647
2026-06-08 12:00:14,2497,기아,5,8.9,봉고 1톤 초장축 더블캡 AT (강화유로6),441153503,2005028
2026-06-08 12:00:11,0,(주)파워프라자,5,2.4,파워프라자 봉고3ev PEACE,441153508,1830625
2026-06-08 12:00:25,1995,BMW,2,14.3,BMW 118d,441153510,1247885
2026-06-08 12:00:25,2497,현대,4,9.9,포터 2.5디젤 초장축 슈퍼캡 MT(강화유로6),441153516,1802500
2026-06-08 12:00:08,2497,현대,5,9,포터 2.5디젤 초장축 슈퍼캡 AT(강화유로6),441153518,1982750
2026-06-08 12:00:14,1598,현대,3,13.7,쏘나타(DN8) 1.6 T-GDI_17인치타이어,441153520,1512471
2026-06-08 12:00:14,1598,현대,3,13.2,쏘나타(DN8) 1.6 T-GDI_18인치타이어,441153521,1569761
2026-06-08 12:00:11,1969,볼보,5,9,볼보 XC60T6 AWD,441153525,2302317
2026-06-08 12:00:27,1969,볼보,4,10.8,볼보 S60T5,441153526,1918597
2026-06-08 12:00:14,1997,르노코리아자동차(주),3,12.7,"QM6 2.0 DIESEL New (4WD 18"" Tire)",441153528,1405098
2026-06-08 12:00:12,1998,BMW,4,9.5,BMW X3 xDrive20i,441153529,2181142
2026-06-08 12:00:13,2998,BMW,5,9.3,BMW 540i xDrive,441153530,2228048
2026-06-08 12:00:26,2497,기아,4,9.9,봉고 1톤 초장축 표준캡 MT (강화유로6),441153534,1802500
2026-06-08 12:00:26,2497,기아,4,9.9,봉고 1톤 장축 슈퍼캡 MT (강화유로6),441153535,1802500
2026-06-08 12:00:26,2497,기아,4,9.9,봉고 1톤 장축 표준캡 MT (강화유로6),441153536,1802500
2026-06-08 12:00:26,2925,벤츠,4,10.9,벤츠 S350 d 4MATIC,441153537,1637133
2026-06-08 12:00:13,2157,케이지모빌리티,4,10,렉스턴스포츠 칸 2.2 디젤 4WD 6AT SCR,441153538,1784475
2026-06-08 12:00:11,2157,케이지모빌리티,4,10.9,렉스턴스포츠 칸 2.2 디젤 4WD 6MT SCR,441153540,1637133
2026-06-08 12:00:12,2157,케이지모빌리티,4,11.2,렉스턴스포츠 칸 2.2 디젤 2WD 6MT SCR,441153541,1593281
2026-06-08 12:00:26,2157,케이지모빌리티,4,10.1,렉스턴스포츠 2.2 디젤 4WD 6AT SCR,441153542,1766807
2026-06-08 12:00:26,2157,케이지모빌리티,4,10.4,렉스턴스포츠 2.2 디젤 2WD 6AT SCR,441153543,1715841
2026-06-08 12:00:13,2157,케이지모빌리티,4,11,렉스턴스포츠 2.2 디젤 4WD 6MT SCR,441153544,1622250
2026-06-08 12:00:12,2497,현대,4,9.9,포터 2.5디젤 장축 슈퍼캡 MT(강화유로6),441153549,1802500
2026-06-08 12:00:14,2998,BMW,803,14.2,BMW 745e iPerformance,441153553,1459215
2026-06-08 12:00:26,2497,현대,5,9,포터 2.5디젤 초장축 표준캡 AT(강화유로6),441153554,1982750
2026-06-08 12:00:27,2995,아우디,5,8.8,A8L 55 TFSI quattro,441153556,2354642
2026-06-08 12:00:13,0,테슬라코리아 유한회사,3,4.7,Model 3 Performance,441153560,934787
2026-06-08 12:00:14,2959,기아,4,9.4,"모하비(PE2) 3.0디젤 4WD 7인(18"" 타이어)",441153561,1898378
2026-06-08 12:00:26,0,Supaq Motor Limited,901,6.4,CEVO-C,441153562,686484
2026-06-08 12:00:13,2959,기아,5,9.3,"모하비(PE2) 3.0디젤 4WD 7인(20"" 타이어)",441153564,1918790
2026-06-08 12:00:27,3342,기아,5,7.6,카니발(PE 20MY) 3.3GDI 하이리무진 9인,441153568,2726428
2026-06-08 12:00:14,3342,기아,5,7.9,카니발(PE 20MY) 3.3GDI 하이리무진 7인,441153569,2622892
2026-06-08 12:00:14,2199,기아,4,11.3,"카니발(PE 20MY) 2.2디젤 2WD 9인승 (19"" 타이어)",441153571,1579181
2026-06-08 12:00:27,2199,기아,4,11.4,"카니발(PE 20MY) 2.2디젤 2WD 11인승 (17"" 타이어)",441153576,1565329
2026-06-08 12:00:13,2199,기아,4,10.3,"카니발(PE 20MY) 2.2디젤 하이리무진 9인(19"" 타이어)",441153578,1732500
2026-06-08 12:00:14,2199,기아,4,10.3,"카니발(PE 20MY) 2.2디젤 하이리무진 9인(18"" 타이어)",441153579,1732500
2026-06-08 12:00:27,2959,기아,5,9.3,"모하비(PE2) 3.0디젤 4WD 6인(20"" 타이어)",441153586,1918790
2026-06-08 12:00:26,2959,기아,4,9.4,"모하비(PE2) 3.0디젤 4WD 6인(18"" 타이어)",441153587,1898378
2026-06-08 12:00:11,2959,기아,4,9.4,"모하비(PE2) 3.0디젤 4WD 5인(18""/20"" 타이어)",441153588,1898378
2026-06-08 12:00:27,1998,BMW,4,10.3,BMW 530i xDrive,441153591,2011733
2026-06-08 12:00:27,2999,벤츠,4,9.8,벤츠 CLS 450 4MATIC,441153595,2114372
2026-06-08 12:00:27,1968,폭스바겐,2,15.2,Arteon 2.0 TDI,441153596,1173997
2026-06-08 12:00:14,1968,아우디,2,14.5,A4 35 TDI,441153597,1230672
2026-06-08 12:00:13,2497,기아,5,8.8,봉고 1톤 4X4덤프 (강화유로6),441153599,2027813
2026-06-08 12:00:26,1968,아우디,3,12,Q5 40 TDI quattro,441153601,1487063
2026-06-08 12:00:13,1968,아우디,2,15.1,Q2 35 TDI,441153605,1181772
2026-06-08 12:00:13,1499,MINI,3,12.1,MINI Cooper five-door,441153607,1712467
2026-06-08 12:00:13,2999,벤츠,4,9.5,Mercedes-AMG E 53 4MATIC +,441153610,2181142
2026-06-08 12:00:14,1598,크라이슬러,2,15.6,짚 레니게이드 1.6,441153615,1143894
2026-06-08 12:00:13,2987,크라이슬러,5,9.3,짚 그랜드 체로키,441153616,1918790
2026-06-08 12:00:14,0,테슬라코리아 유한회사,2,5,Model 3 Long Range,441153617,878700
2026-06-08 12:00:26,0,테슬라코리아 유한회사,802,5.6,Model 3 Long Range RWD,441153618,784554
2026-06-08 12:00:26,0,벤츠,5,3.2,벤츠 EQC 400 4MATIC,441153619,1372969
2026-06-08 12:00:12,999,한국지엠,000,14.4,스파크 1.0,441153620,1438948
2026-06-08 12:00:26,1997,르노코리아자동차(주),3,12.5,"QM6 2.0 DIESEL New (4WD 19"" Tire)",441153622,1427580
2026-06-08 12:00:27,1499,MINI,4,10.7,MINI Cooper Countryman,441153624,1936528
2026-06-08 12:00:13,0,마스타전기차(주),901,6.1,마스타(MASTA)VAN,441153626,720246
2026-06-08 12:00:12,1998,BMW,4,9.8,BMW X1 xDrive20i,441153627,2114372
2026-06-08 12:00:12,1998,MINI,4,11.5,MINI Cooper S Convertible,441153628,1801813
2026-06-08 12:00:26,3342,기아,5,8.2,카니발(PE 20MY) 3.3GDI 9인승 (19'' 타이어),441153629,2526933
2026-06-08 12:00:13,1461,르노코리아자동차(주),1,17.7,CAPTUR 1.5 DIESEL,441153636,1008178
2026-06-08 12:00:13,1998,BMW,4,9.8,BMW X2 xDrive20i,441153637,2114372
2026-06-08 12:00:14,1998,MINI,3,11.6,MINI Cooper S,441153639,1786280
2026-06-08 12:00:26,1998,MINI,4,10.8,MINI John Cooper Works Convertible,441153640,1918597
2026-06-08 12:00:25,1968,폭스바겐,2,15.1,T-ROC 2.0 TDI,441153641,1181772
2026-06-08 12:00:26,999,한국지엠,000,14.4,스파크 밴 1.0,441153644,1438948
2026-06-08 12:00:26,2261,포드,5,8.9,Explorer 2.3,441153648,2328185
2026-06-08 12:00:12,2967,아우디,3,11.9,A6 allroad 45 TDI quattro,441153650,1499559
2026-06-08 12:00:11,1499,MINI,3,12.3,MINI Cooper,441153653,1684622
2026-06-08 12:00:27,1995,MINI,2,13.9,MINI Cooper D Countryman ALL4 RDE,441153655,1283795
2026-06-08 12:00:14,1597,케이지모빌리티,2,15.2,코란도 1.6 디젤 6MT 2WD SCR ISG,441153657,1173997
2026-06-08 12:00:27,1998,MINI,4,9.6,MINI Cooper S Countryman ALL4,441153667,2158422
2026-06-08 12:00:11,2998,BMW,4,9.9,BMW M340i,441153668,2093015
2026-06-08 12:00:14,2967,아우디,4,10.5,Q8 50 TDI quattro,441153672,1699500
2026-06-08 12:00:27,2967,아우디,4,10.7,Q8 45 TDI quattro,441153673,1667734
2026-06-08 12:00:14,2967,아우디,4,10.5,Q7 45 TDI quattro,441153675,1699500
2026-06-08 12:00:26,1995,BMW,3,13.3,BMW X1 xDrive18d,441153678,1341711
2026-06-08 12:00:12,1995,MINI,3,13.7,MINI Cooper D Countryman RDE,441153679,1302536
2026-06-08 12:00:10,1995,MINI,3,13.4,MINI Cooper SD Clubman,441153682,1331698
2026-06-08 12:00:12,1998,MINI,4,9.9,MINI John Cooper Works Clubman ALL4,441153683,2093015
2026-06-08 12:00:14,1998,BMW,4,9.9,BMW X2 xDrive25i,441153686,2093015
2026-06-08 12:00:10,1591,현대,4,11.3,"투싼 개조차 1.6T-GDI 2WD (20MY_19""타이어)",441153688,1833704
2026-06-08 12:00:10,1591,현대,4,10.7,"투싼 개조차 1.6T-GDI AWD (20MY_18""타이어)",441153689,1936528
2026-06-08 12:00:10,1591,현대,4,10.4,"투싼 개조차 1.6T-GDI AWD (20MY_19""타이어)",441153690,1992389
2026-06-08 12:00:12,2497,현대,3,11.9,그랜저(IG개조) 2.5 GDI_17인치타이어,441153697,1741248
2026-06-08 12:00:25,2497,현대,4,11.1,그랜저(IG개조) 2.5 GDI_19인치타이어,441153699,1866743
2026-06-08 12:00:25,2995,아우디,4,9.5,A7 55 TFSI quattro,441153700,2181142
2026-06-08 12:00:12,2998,BMW,4,9.4,BMW 840i xDrive Gran Coupe,441153701,2204346
2026-06-08 12:00:12,2999,현대,5,7.3,그랜저(IG개조) 3.0 LPI_19인치타이어,441153704,1624911
2026-06-08 12:00:10,3342,현대,4,9.7,그랜저(IG개조) 3.3 GDI_18인치타이어,441153705,2136170
2026-06-08 12:00:10,3342,현대,4,9.6,그랜저(IG개조) 3.3 GDI_19인치타이어,441153707,2158422
2026-06-08 12:00:26,1969,볼보,803,14,볼보 XC90T8 AWD,441153713,1480061
2026-06-08 12:00:14,1984,아우디,4,10.4,A5 Coupe 45 TFSI quattro,441153721,1992389
2026-06-08 12:00:14,2967,아우디,3,12,S7 TDI,441153724,1487063
2026-06-08 12:00:26,1968,아우디,3,13.5,A5 Sportback 40 TDI quattro,441153732,1321833
2026-06-08 12:00:11,3902,페라리,5,6.4,페라리 F8 Spider,441153734,3237633
2026-06-08 12:00:13,1999,재규어,2,14.2,재규어 XE D180,441153739,1256673
2026-06-08 12:00:10,2967,아우디,3,12.5,A6 50 TDI quattro,441153741,1427580
2026-06-08 12:00:13,2956,포드,5,8.1,Lincoln Aviator 3.0,441153745,2558130
2026-06-08 12:00:27,2996,벤츠,5,9.1,Mercedes-Benz E 450 4MATIC,441153748,2277016
2026-06-08 12:00:25,1998,BMW,803,16.7,BMW 530e iPerformance,441153749,1240769
2026-06-08 12:00:10,3982,벤츠,5,7.2,Mercedes-Maybach S 560 4MATIC,441153751,2877896
2026-06-08 12:00:10,2967,아우디,4,11.1,Q5 50 TDI quattro,441153752,1607635
2026-06-08 12:00:13,1968,폭스바겐,3,13.5,Tiguan Allspace 2.0 TDI,441153753,1321833
2026-06-08 12:00:25,2359,현대,2,15.9,"그랜저(IG개조)2.4 하이브리드_17""타이어(빌트인캠)",441153755,1303198
2026-06-08 12:00:25,2956,포드,5,8.1,Lincoln Aviator 3.0,441153756,2558130
2026-06-08 12:00:13,2359,현대,2,14.9,"그랜저(IG개조)2.4 하이브리드_18""타이어(빌트인캠)",441153758,1390661
2026-06-08 12:00:13,2359,현대,2,15.2,"그랜저(IG개조)2.4 하이브리드_18""타이어",441153759,1363214
2026-06-08 12:00:13,2967,아우디,4,11.5,SQ5 TDI,441153760,1551717
2026-06-08 12:00:13,1998,GM,4,10.4,캐딜락 CT5,441153761,1992389
2026-06-08 12:00:21,1991,벤츠,4,9.8,Mercedes-Benz GLC 300 4MATIC,441153762,2114372
2026-06-08 12:00:13,1997,랜드로버,803,10.3,레인지로버 P400e,441153763,2011733
2026-06-08 12:00:13,3996,포르쉐,5,7.5,파나메라 터보 (5인승),441153764,2762780
2026-06-08 12:00:26,1995,BMW,2,13.9,BMW 220d,441153766,1283795
2026-06-08 12:00:13,2996,현대,3,12,GV80 3.0디젤 2WD 5인 19인치 타이어(DS),441153771,1487063
2026-06-08 12:00:11,2996,현대,3,11.8,GV80 3.0디젤 2WD 5인 22인치 타이어,441153773,1512267
2026-06-08 12:00:12,2996,현대,3,11.7,GV80 3.0디젤 2WD 7인 19인치 타이어,441153775,1525192
2026-06-08 12:00:11,2996,현대,3,11.7,GV80 3.0디젤 2WD 7인 19인치 타이어(DS),441153776,1525192
2026-06-08 12:00:11,3982,벤츠,5,7.5,Mercedes-Benz S 560 4MATIC,441153779,2762780
2026-06-08 12:00:26,2996,현대,4,11.1,GV80 3.0디젤 AWD 7인 19인치타이어(DS),441153783,1607635
2026-06-08 12:00:26,2996,현대,4,10.8,GV80 3.0디젤 AWD 7인 20인치타이어,441153800,1652292
2026-06-08 12:00:26,2996,현대,4,10.8,GV80 3.0디젤 AWD 7인 20인치타이어(DS),441153801,1652292
2026-06-08 12:00:26,1984,아우디,4,10.8,A5 Cabriolet 45 TFSI quattro,441153805,1918597
2026-06-08 12:00:26,2998,BMW,5,7.6,BMW X6 xDrive40i,441153809,2726428
2026-06-08 12:00:26,1998,BMW,4,11,BMW 320i,441153810,1883714
2026-06-08 12:00:13,6749,롤스로이스,5,5.4,Rolls-Royce Cullinan Black Badge,441153811,3837194
2026-06-08 12:00:26,998,기아,000,12.7,레이(20MY) 1.0 가솔린 15인치 타이어,441153812,1631563
2026-06-08 12:00:13,1999,기아,1,20.1,K5(DL3) 2.0GDI 하이브리드_16인치타이어,441153814,1030888
2026-06-08 12:00:26,1999,기아,1,19.7,K5(DL3) 2.0GDI 하이브리드_16인치(빌트인캠),441153815,1051820
2026-06-08 12:00:11,998,기아,000,13,레이(20MY) 1.0 가솔린 14인치 타이어,441153816,1593912
2026-06-08 12:00:11,1999,기아,1,19.1,K5(DL3) 2.0GDI 하이브리드_17인치타이어,441153818,1084861
2026-06-08 12:00:13,1999,기아,1,18.8,K5(DL3) 2.0GDI 하이브리드_17인치(빌트인캠),441153819,1102173
2026-06-08 12:00:11,1998,MINI,4,11.3,MINI John Cooper Works,441153822,1833704
2026-06-08 12:00:11,1598,기아,3,13.6,K5(DL3) 1.6T-GDI_17인치(빌트인캠),441153824,1523592
2026-06-08 12:00:13,1999,기아,4,10.2,K5(DL3) 2.0LPI_16인치타이어,441153827,1162926
2026-06-08 12:00:11,1999,기아,4,10,K5(DL3) 2.0LPI_17인치타이어,441153829,1186185
2026-06-08 12:00:11,1999,기아,4,9.8,K5(DL3) 2.0LPI_18인치타이어,441153830,1210393
2026-06-08 12:00:11,1498,혼다,4,11.5,CR-V 4WD,441153831,1801813
2026-06-08 12:00:11,1999,기아,4,9.6,K5(DL3) 2.0LPI_18인치(빌트인캠),441153832,1235609
2026-06-08 12:00:11,2996,벤츠,5,9.2,Mercedes-Benz S 350 L,441153834,2252266
2026-06-08 12:00:11,2981,포르쉐,5,7.9,911 카레라 4 카브리올레,441153836,2622892
2026-06-08 12:00:11,2981,포르쉐,5,8.2,911 카레라 카브리올레,441153837,2526933
2026-06-08 12:00:11,2996,벤츠,803,13.7,Mercedes-Benz S 560 e,441153838,1512471
2026-06-08 12:00:11,3996,포르쉐,5,7.5,파나메라 터보 이그제큐티브,441153839,2762780
2026-06-08 12:00:11,1991,벤츠,4,10.2,Mercedes-Benz E 300,441153840,2031456
2026-06-08 12:00:11,6162,GM,5,6.8,캐딜락 Escalade,441153846,3047184
2026-06-08 12:00:11,5204,람보르기니,5,6,Huracan EVO,441153847,3453475
2026-06-08 12:00:27,2981,포르쉐,5,8.2,911 카레라,441153850,2526933
2026-06-08 12:00:13,3982,벤츠,5,7.3,Mercedes-AMG S 63 4MATIC + L,441153858,2838473
2026-06-08 12:00:25,1332,르노코리아자동차(주),3,13.7,"XM3 1.3 (17"" tire)",441153879,1512471
2026-06-08 12:00:25,3470,현대,5,8.4,G80 3.5T-GDI AWD 20인치타이어,441153919,2466768
2026-06-08 12:00:12,2996,현대,4,10.4,GV80 3.0디젤 AWD 7인 22인치 타이어(DS),441153935,1715841
2026-06-08 12:00:12,2996,현대,3,11.8,GV80 3.0디젤 2WD 5인 19인치 타이어(DS),441153938,1512267
2026-06-08 12:00:21,2996,현대,4,11.2,GV80 3.0디젤 2WD 7인 22인치 타이어(DS),441153939,1593281
2026-06-08 12:00:21,2996,현대,4,10.6,GV80 3.0디젤 AWD 5인 22인치타이어(DS),441153940,1683467
2026-06-08 12:00:23,2996,현대,3,11.6,GV80 3.0디젤 2WD 5인 20인치 타이어,441153948,1538341
2026-06-08 12:00:23,2996,현대,3,11.8,GV80 3.0디젤 2WD 5인 19인치 타이어,441153949,1512267
2026-06-08 12:00:23,2996,현대,4,11.2,GV80 3.0디젤 2WD 7인 22인치 타이어,441153950,1593281
2026-06-08 12:00:12,2996,현대,4,10.6,GV80 3.0디젤 AWD 5인 22인치타이어,441153955,1683467
2026-06-08 12:00:14,2996,현대,4,10.6,GV80 3.0디젤 AWD 7인 20인치타이어,441153958,1683467
2026-06-08 12:00:14,1997,랜드로버,5,8.2,디스커버리 스포츠 P250,441153961,2526933
2026-06-08 12:00:14,4999,랜드로버,5,7.3,레인지로버 벨라 SVAutobiography Dynamic,441153962,2838473
2026-06-08 12:00:12,3456,토요타,3,12.3,렉서스 RX450hL,441153963,1684622
2026-06-08 12:00:21,1969,볼보,803,15.4,볼보 S90T8 AWD,441153966,1345510
2026-06-08 12:00:21,1991,벤츠,3,11.6,Mercedes-Benz A 250 4MATIC,441153967,1786280
2026-06-08 12:00:14,1598,르노코리아자동차(주),3,13.4,"XM3 1.6 (16"" tire)",441153969,1546332
2026-06-08 12:00:21,1998,현대,4,10.2,벨로스터 N 2.0T-GDI_8DCT,441153970,2031456
2026-06-08 12:00:21,1497,케이지모빌리티,4,10.5,코란도 가솔린 1.5 AT 4WD 저공해3종,441153971,1973414
2026-06-08 12:00:08,1597,케이지모빌리티,2,14.1,코란도 1.6 디젤 6AT AWD SCR,441153976,1265585
2026-06-08 12:00:14,1597,케이지모빌리티,2,14.5,코란도 1.6 디젤 6AT 2WD SCR 19인치 타이어,441153977,1230672
2026-06-08 12:00:08,1597,케이지모빌리티,2,14.6,코란도 1.6 디젤 6AT 2WD SCR 17인치 타이어,441153978,1222243
2026-06-08 12:00:08,1597,케이지모빌리티,2,15.6,코란도 1.6 디젤 6MT 2WD SCR,441153979,1143894
2026-06-08 12:00:08,1497,케이지모빌리티,4,10.8,티볼리 가솔린 1.5 AT AWD 저공해3종,441153980,1918597
2026-06-08 12:00:14,1497,케이지모빌리티,3,11.8,티볼리 가솔린 1.5 AT 2WD 저공해3종 18인치 타이어,441153981,1756004
2026-06-08 12:00:14,1497,케이지모빌리티,3,12,티볼리 가솔린 1.5 AT 2WD 저공해3종 16인치 타이어,441153982,1726738
2026-06-08 12:00:14,1497,케이지모빌리티,3,12.5,티볼리 가솔린 1.5 MT 2WD 기준4,441153983,1657668
2026-06-08 12:00:08,1597,케이지모빌리티,2,13.9,티볼리 1.6 디젤 AWD 6AT SCR,441153984,1283795
2026-06-08 12:00:13,1597,케이지모빌리티,2,14.9,티볼리 1.6 디젤 2WD 6AT SCR 18인치 타이어,441153985,1197634
2026-06-08 12:00:14,1597,케이지모빌리티,2,15.2,티볼리 1.6 디젤 2WD 6AT SCR 16인치 타이어,441153986,1173997
2026-06-08 12:00:14,4395,BMW,5,7.3,BMW M8 Gran Coupe,441153987,2838473
2026-06-08 12:00:14,4395,BMW,5,6.8,BMW X6 M,441153991,3047184
2026-06-08 12:00:14,1598,현대,2,14.9,아반떼 1.6 가솔린 16인치 타이어,441153993,1390661
2026-06-08 12:00:13,2151,현대,2,14.4,G80 2.2디젤 2WD 18인치 (빌트인캠),441153996,1239219
2026-06-08 12:00:13,2151,현대,3,13,G80 2.2디젤 AWD 18인치 (빌트인캠),441153999,1372673
2026-06-08 12:00:13,2151,현대,3,12.7,G80 2.2디젤 AWD 19인치타이어,441154000,1405098
2026-06-08 12:00:13,0,닛산,2,5.2,LEAF,441154001,844904
2026-06-08 12:00:13,0,닛산,3,4.8,LEAF PLUS,441154002,915313
2026-06-08 12:00:10,2497,현대,4,9.5,GV80 2.5T-GDI 2WD 5인 19인치타이어 (빌트인캠),441154005,2181142
2026-06-08 12:00:10,2497,현대,5,9.3,GV80 2.5T-GDI 2WD 7인 19인치타이어,441154006,2228048
2026-06-08 12:00:13,2497,현대,5,9.1,GV80 2.5T-GDI 2WD 7인 22인치타이어,441154007,2277016
2026-06-08 12:00:11,2497,현대,5,9,GV80 2.5T-GDI AWD 7인 19인치타이어,441154009,2302317
2026-06-08 12:00:13,3470,현대,5,8.6,GV80 3.5T-GDI 2WD 5인 20인치타이어,441154013,2409401
2026-06-08 12:00:13,3470,현대,5,8.2,GV80 3.5T-GDI 2WD 7인 22인치타이어,441154016,2526933
2026-06-08 12:00:10,3470,현대,5,7.8,GV80 3.5T-GDI AWD 7인 20인치타이어,441154020,2656519
2026-06-08 12:00:13,3470,현대,5,7.8,GV80 3.5T-GDI AWD 5인 22인치타이어,441154021,2656519
2026-06-08 12:00:13,3470,현대,5,7.8,GV80 3.5T-GDI AWD 5인 20인치타이어 (빌트인캠),441154022,2656519
2026-06-08 12:00:11,2497,현대,5,9,GV80 2.5T-GDI AWD 5인 19인치타이어,441154028,2302317
2026-06-08 12:00:11,2497,현대,5,8.8,GV80 2.5T-GDI AWD 5인 19인치타이어 (빌트인캠),441154029,2354642
2026-06-08 12:00:11,0,아우디,5,3,e-tron 55 quattro,441154030,1464500
2026-06-08 12:00:11,6496,페라리,5,5.3,페라리 812 GTS,441154032,3909594
2026-06-08 12:00:11,3996,벤틀리,5,7.4,Continental GT V8,441154033,2800115
2026-06-08 12:00:10,1598,기아,2,15.3,쏘렌토 1.6T-GDI 하이브리드 2WD 7인 17인치타이어,441154034,1354304
2026-06-08 12:00:13,1598,기아,2,14.3,쏘렌토 1.6T-GDI 하이브리드 2WD 7인 19인치타이어,441154037,1449010
2026-06-08 12:00:11,1598,기아,3,13.7,쏘렌토 1.6T-GDI 하이브리드 4WD 7인 17인치타이어,441154038,1512471
2026-06-08 12:00:13,1598,기아,3,13.2,쏘렌토 1.6T-GDI 하이브리드 4WD 7인 19인치타이어,441154039,1569761
2026-06-08 12:00:12,1598,기아,2,14.3,쏘렌토 1.6T-GDI 하이브리드 2WD 6인 19인치타이어,441154040,1449010
2026-06-08 12:00:10,1598,기아,3,13.2,쏘렌토 1.6T-GDI 하이브리드 4WD 6인 19인치타이어,441154044,1569761
2026-06-08 12:00:10,1598,기아,2,15,"쏘렌토 1.6T-GDI 하이브리드 2WD 6인 17""(빌트인캠)",441154049,1381390
2026-06-08 12:00:13,1598,기아,2,15,"쏘렌토 1.6T-GDI 하이브리드 2WD 5인 17""(빌트인캠)",441154050,1381390
2026-06-08 12:00:12,1591,현대,4,10.6,아반떼 1.6 LPI 15인치 타이어,441154051,1119042
2026-06-08 12:00:12,1591,현대,4,10.3,아반떼 1.6 LPI 17인치 타이어,441154053,1151636
2026-06-08 12:00:12,2151,기아,2,14.2,쏘렌토 2.2디젤 2WD 7인 18인치타이어 (빌트인캠),441154055,1256673
2026-06-08 12:00:13,2151,기아,2,14.3,쏘렌토 2.2디젤 2WD 7인 18인치타이어,441154056,1247885
2026-06-08 12:00:12,2151,기아,3,13.7,쏘렌토 2.2디젤 2WD 7인 20인치타이어,441154057,1302536
2026-06-08 12:00:12,2151,기아,2,13.9,쏘렌토 2.2디젤 4WD 5인 18인치타이어,441154058,1283795
2026-06-08 12:00:10,2151,기아,3,13.3,쏘렌토 2.2디젤 4WD 7인 18인치타이어,441154059,1341711
2026-06-08 12:00:13,2151,기아,3,13,쏘렌토 2.2디젤 4WD 7인 20인치타이어,441154060,1372673
2026-06-08 12:00:13,2151,기아,3,13.7,쏘렌토 2.2디젤 2WD 6인 20인치타이어,441154063,1302536
2026-06-08 12:00:10,2151,기아,3,13.7,쏘렌토 2.2디젤 2WD 5인 20인치타이어,441154064,1302536
2026-06-08 12:00:10,2151,기아,3,13.3,쏘렌토 2.2디젤 4WD 6인 18인치타이어,441154065,1341711
2026-06-08 12:00:10,2151,기아,3,13.3,쏘렌토 2.2디젤 4WD 5인 18인치타이어 (빌트인캠),441154066,1341711
2026-06-08 12:00:13,2151,기아,2,14.2,쏘렌토 2.2디젤 2WD 6인 18인치타이어 (빌트인캠),441154070,1256673
2026-06-08 12:00:13,2151,기아,2,14.3,쏘렌토 2.2디젤 2WD 6인 18인치타이어,441154072,1247885
2026-06-08 12:00:13,2995,포르쉐,803,10,카이엔 E-하이브리드 COUPE,441154079,2072085
2026-06-08 12:00:13,2995,포르쉐,5,7.8,카이엔 COUPE,441154080,2656519
2026-06-08 12:00:13,4395,BMW,5,6.7,X5 M Competition,441154081,3092664
2026-06-08 12:00:20,1950,벤츠,4,10.7,Mercedes-Benz GLE 300 d 4MATIC,441154084,1667734
2026-06-08 12:00:20,2995,포르쉐,5,7.8,카이엔,441154085,2656519
2026-06-08 12:00:21,2979,BMW,5,8.7,BMW M2 CS,441154086,2381707
2026-06-08 12:00:20,3471,혼다,5,9,ODYSSEY,441154087,2302317
2026-06-08 12:00:13,2487,토요타,4,11.5,토요타 RAV4,441154089,1801813
2026-06-08 12:00:13,4395,BMW,5,6.7,BMW X5 M,441154092,3092664
2026-06-08 12:00:13,6496,페라리,5,5.4,페라리 812 Superfast,441154094,3837194
2026-06-08 12:00:13,1991,벤츠,4,11.1,Mercedes-Benz C 200 Coupe,441154095,1866743
2026-06-08 12:00:13,2998,BMW,4,9.9,BMW M340i xDrive Touring,441154096,2093015
2026-06-08 12:00:12,2996,벤츠,5,8.3,Mercedes-Benz S 450 4MATIC Coupe,441154099,2496488
2026-06-08 12:00:20,2996,벤츠,5,8.5,Mercedes-Benz S 450 4MATIC(4인승),441154101,2437747
2026-06-08 12:00:20,3982,벤츠,5,7.4,Mercedes-AMG S 63 4MATIC Coupe,441154102,2800115
2026-06-08 12:00:20,1999,포드,5,9.2,Lincoln Corsair 2.0,441154103,2252266
2026-06-08 12:00:13,1598,기아,2,14.1,K3 1.6 가솔린 21MY CVT (17인치 타이어),441154105,1469564
2026-06-08 12:00:13,1598,기아,2,15.2,K3 1.6 가솔린 21MY CVT (15인치 타이어),441154106,1363214
2026-06-08 12:00:13,998,기아,000,15.7,모닝(JA PE)_1.0가솔린_14인치타이어,441154108,1319799
2026-06-08 12:00:26,998,기아,000,14.7,모닝(JA PE)_1.0가솔린_16인치타이어,441154109,1409582
2026-06-08 12:00:27,1998,BMW,4,10,MINI John Cooper Works Clubman ALL4,441154113,2072085
2026-06-08 12:00:25,1991,벤츠,4,10.4,벤츠 C 200 Cabriolet,441154114,1992389
2026-06-08 12:00:27,2996,벤츠,5,8.1,Mercedes-AMG GLC 43 4MATIC Coupe,441154115,2558130
2026-06-08 12:00:27,3982,벤츠,5,7.3,Mercedes-Benz GLS 580 4MATIC,441154116,2838473
2026-06-08 12:00:27,998,기아,000,15.7,모닝(JA PE)_1.0가솔린_14인치타이어_밴형,441154117,1319799
2026-06-08 12:00:25,1950,벤츠,2,13.9,벤츠 E 220 d,441154118,1283795
2026-06-08 12:00:12,1984,포르쉐,5,8.7,마칸,441154119,2381707
2026-06-08 12:00:20,1997,재규어,5,9,재규어 E-PACE P250,441154120,2302317
2026-06-08 12:00:27,1999,재규어,3,12.4,재규어 XF 20d AWD,441154121,1439093
2026-06-08 12:00:12,1999,재규어,3,12.7,재규어 XF 20d,441154122,1405098
2026-06-08 12:00:27,1998,GM,4,10.6,캐딜락 CT4 2.0T,441154123,1954797
2026-06-08 12:00:12,2925,벤츠,4,10.5,Mercedes-Benz GLE 400 d 4MATIC Coupe,441154124,1699500
2026-06-08 12:00:10,1332,르노코리아자동차(주),3,13.6,"SM6 1.3 (16"" Tire)",441154125,1523592
2026-06-08 12:00:12,1332,르노코리아자동차(주),3,13.3,"SM6 1.3 (18"" Tire)",441154126,1557959
2026-06-08 12:00:12,1332,르노코리아자동차(주),3,12.9,"SM6 1.3 (19"" Tire)",441154127,1606267
2026-06-08 12:00:12,1798,르노코리아자동차(주),3,11.8,"SM6 1.8 (18"" Tire)",441154128,1756004
2026-06-08 12:00:27,1798,르노코리아자동차(주),3,11.6,"SM6 1.8 (19"" Tire)",441154129,1786280
2026-06-08 12:00:27,1998,르노코리아자동차(주),4,9.5,"SM6 2.0 LPLi New (16"" Tire)",441154130,1248616
2026-06-08 12:00:25,1999,현대,3,12.9,쏘나타(DN8) 2.0CVVL_17인치타이어_21MY,441154132,1606267
2026-06-08 12:00:25,2999,벤츠,5,9.2,Mercedes-AMG CLS 53 4MATIC +,441154134,2252266
2026-06-08 12:00:12,1999,현대,3,12.8,쏘나타(DN8) 2.0CVVL_17인치타이어(빌트인캠)_21MY,441154136,1618816
2026-06-08 12:00:12,1999,현대,3,12.8,쏘나타(DN8) 2.0CVVL_18인치타이어_21MY,441154137,1618816
2026-06-08 12:00:27,1999,현대,3,12.6,쏘나타(DN8) 2.0CVVL_18인치타이어(빌트인캠)_21MY,441154138,1644512
2026-06-08 12:00:27,1999,현대,4,10.2,쏘나타(DN8) 2.0LPI_16인치타이어_21MY,441154139,1162926
2026-06-08 12:00:27,1999,현대,4,10.2,쏘나타(DN8) 2.0LPI_17인치타이어_21MY,441154140,1162926
2026-06-08 12:00:27,1999,현대,4,9.9,쏘나타(DN8) 2.0LPI_18인치타이어_21MY,441154141,1198167
2026-06-08 12:00:27,1598,현대,2,13.8,쏘나타(DN8) 1.6 T-GDI_17인치타이어_21MY,441154142,1501511
2026-06-08 12:00:27,1598,현대,3,13.6,쏘나타(DN8) 1.6 T-GDI_17인치타이어(빌트인캠)_21MY,441154143,1523592
2026-06-08 12:00:25,1598,현대,3,13.2,쏘나타(DN8) 1.6 T-GDI_18인치타이어_21MY,441154144,1569761
2026-06-08 12:00:12,2925,벤츠,4,9.8,Mercedes-Benz GLS 400 d 4MATIC,441154145,1820893
2026-06-08 12:00:26,2998,BMW,803,11.4,BMW X5 xDrive45e iPerformance,441154147,1817618
2026-06-08 12:00:26,2360,크라이슬러,5,9.2,짚 레니게이드 2.4 AWD,441154150,2252266
2026-06-08 12:00:27,2360,크라이슬러,4,10,짚 레니게이드 2.4 FWD,441154151,2072085
2026-06-08 12:00:27,2360,크라이슬러,5,9.2,짚 컴패스 2.4 AWD,441154152,2252266
2026-06-08 12:00:26,2360,크라이슬러,5,9.2,짚 컴패스 2.4 AWD (Limited),441154153,2252266
2026-06-08 12:00:25,2996,벤츠,5,8.9,Mercedes-Benz E 450 4MATIC Cabriolet,441154154,2328185
2026-06-08 12:00:25,1950,벤츠,3,13.7,벤츠 E 220 d Coupe,441154157,1302536
2026-06-08 12:00:25,1950,벤츠,4,10.7,Mercedes-Benz GLE 300 d 4MATIC,441154158,1667734
2026-06-08 12:00:25,1995,BMW,2,13.9,BMW 320d xDrive,441154159,1283795
2026-06-08 12:00:12,1995,BMW,2,15.3,BMW 320d,441154160,1166324
2026-06-08 12:00:25,1995,BMW,2,14.1,BMW 320d Touring,441154161,1265585
2026-06-08 12:00:12,3996,포르쉐,5,6.6,카이엔 터보,441154162,3139523
2026-06-08 12:00:13,2894,포르쉐,5,7.7,마칸 GTS,441154163,2691019
2026-06-08 12:00:25,3996,포르쉐,5,6.6,카이엔 터보 COUPE,441154164,3139523
2026-06-08 12:00:27,3996,포르쉐,5,6.6,카이엔 터보 COUPE (5인승),441154165,3139523
2026-06-08 12:00:12,2999,벤츠,5,8.7,Mercedes-Benz GLE 450 4MATIC,441154173,2381707
2026-06-08 12:00:27,1988,포르쉐,5,9.3,718 카이맨,441154175,2228048
2026-06-08 12:00:11,2497,포르쉐,5,8.7,718 카이맨 S,441154176,2381707
2026-06-08 12:00:25,3996,아우디,5,7.7,A8 L 60 TFSI quattro,441154183,2691019
2026-06-08 12:00:12,1991,벤츠,4,10.2,벤츠 E 350 4MATIC,441154184,2031456
2026-06-08 12:00:12,0,르노코리아자동차(주),3,4.8,ZOE,441154185,915313
2026-06-08 12:00:12,2497,현대,4,11.1,쏘나타(DN8) 2.5 T-GDI_19인치타이어,441154187,1866743
2026-06-08 12:00:13,2497,현대,4,10.9,쏘나타(DN8) 2.5 T-GDI_19인치타이어(빌트인캠),441154188,1900995
2026-06-08 12:00:13,1998,GM,4,10.2,캐딜락 CT5 2.0T,441154189,2031456
2026-06-08 12:00:21,0,PSA Automobiles,3,4.3,Peugeot e-2008 SUV,441154190,1021744
2026-06-08 12:00:13,2998,BMW,5,8.7,BMW X4 M40i,441154192,2381707
2026-06-08 12:00:13,2995,아우디,5,7.6,Q8 55 TFSI quattro,441154206,2726428
2026-06-08 12:00:13,4395,BMW,5,6.5,BMW X7 M50i,441154217,3187823
2026-06-08 12:00:13,1598,현대,3,12.3,아반떼 1.6 T-GDI 6MT 18인치 타이어,441154219,1684622
2026-06-08 12:00:27,2993,BMW,4,10.1,BMW X5 xDrive40d,441154225,1766807
2026-06-08 12:00:27,2981,포르쉐,5,8.5,911 카레라 카브리올레,441154254,2437747
2026-06-08 12:00:21,3990,페라리,803,11.1,페라리 SF90 Stradale,441154295,1866743
2026-06-08 12:00:13,2993,BMW,4,10.1,BMW X5 xDrive40d,441154311,1766807
2026-06-08 12:00:13,2497,기아,4,10.2,스팅어(CK PE) 2.5T-GDI AWD_18인치타이어,441154312,2031456
2026-06-08 12:00:13,1998,MINI,4,10.4,MINI John Cooper Works Countryman ALL4,441154317,1992389
2026-06-08 12:00:13,2497,기아,4,9.9,스팅어(CK PE) 2.5T-GDI AWD_19인치(썸머),441154322,2093015
2026-06-08 12:00:13,1998,현대,2,14.8,투싼 2.0디젤 2WD 8AT 17인치,441154323,1205726
2026-06-08 12:00:13,1998,현대,3,13,투싼 2.0디젤 AWD 8AT 19인치 (빌트인캠),441154329,1372673
2026-06-08 12:00:13,1598,현대,3,12.5,투싼 1.6T-GDI 2WD 7DCT 17/18인치,441154330,1657668
2026-06-08 12:00:13,1598,현대,3,12.3,투싼 1.6T-GDI 2WD 7DCT 18인치 (빌트인캠),441154331,1684622
2026-06-08 12:00:13,1598,현대,4,11.3,투싼 1.6T-GDI AWD 7DCT 18인치 (빌트인캠),441154334,1833704
2026-06-08 12:00:12,1598,현대,4,11,투싼 1.6T-GDI AWD 7DCT 19인치 (빌트인캠),441154335,1883714
2026-06-08 12:00:12,1995,MINI,2,14.3,MINI Cooper SD Countryman ALL4,441154336,1247885
2026-06-08 12:00:12,1995,MINI,2,15.2,MINI Cooper D Countryman,441154337,1173997
2026-06-08 12:00:27,1997,랜드로버,5,8.6,레인지로버 이보크 P200,441154344,2409401
2026-06-08 12:00:10,1998,BMW,4,11.5,BMW 420i Coupe,441154346,1801813
2026-06-08 12:00:10,2998,BMW,5,9.3,BMW 630i xDrive,441154348,2228048
2026-06-08 12:00:10,1499,MINI,3,11.6,MINI Cooper Countryman,441154349,1786280
2026-06-08 12:00:27,2998,BMW,5,8.1,BMW X5 xDrive40i,441154351,2558130
2026-06-08 12:00:10,3342,기아,5,8.4,스팅어(CK PE) 3.3T-GDI AWD_19인치(썸머),441154357,2466768
2026-06-08 12:00:10,3342,기아,5,9,스팅어(CK PE) 3.3T-GDI 2WD_19인치(올시즌),441154358,2302317
2026-06-08 12:00:10,3342,기아,5,8.8,스팅어(CK PE) 3.3T-GDI 2WD_19인치(썸머),441154359,2354642
2026-06-08 12:00:10,1998,BMW,4,11.1,BMW 430i Coupe,441154362,1866743
2026-06-08 12:00:10,2998,BMW,4,9.9,BMW 540i xDrive,441154363,2093015
2026-06-08 12:00:21,2497,기아,4,10.9,쏘렌토(MQ4) 2.5T-GDI 2WD 5인 18인치(빌트인캠),441154366,1900995
2026-06-08 12:00:10,2995,아우디,5,7.9,Q8 55 TFSI quattro,441154371,2622892
2026-06-08 12:00:27,2497,기아,4,10,쏘렌토(MQ4) 2.5T-GDI 4WD 7인 18인치타이어,441154374,2072085
2026-06-08 12:00:10,2497,기아,4,10.3,쏘렌토(MQ4) 2.5T-GDI 2WD 5인 20인치타이어,441154388,2011733
2026-06-08 12:00:10,2497,기아,4,9.7,쏘렌토(MQ4) 2.5T-GDI 4WD 5인 20인치타이어,441154393,2136170
2026-06-08 12:00:26,1998,BMW,803,17.5,BMW 530e,441154396,1184049
2026-06-08 12:00:10,2995,재규어,5,8.6,재규어 F-Type P380 Coupe,441154402,2409401
2026-06-08 12:00:12,2997,랜드로버,4,10.5,레인지로버 스포츠 D350,441154409,1699500
2026-06-08 12:00:26,3604,크라이슬러,5,6.5,짚 글래디에이터,441154411,3187823
2026-06-08 12:00:12,0,아우디,5,2.9,e-tron 50 quattro,441154414,1515000
2026-06-08 12:00:14,1999,기아,1,18,K5(DL3) 2.0GDI 하이브리드_18인치타이어,441154423,1151158
2026-06-08 12:00:13,1999,기아,1,17.6,K5(DL3) 2.0GDI 하이브리드_18인치(빌트인캠),441154424,1177321
2026-06-08 12:00:13,2993,BMW,4,10.7,BMW X5 xDrive30d,441154426,1667734
2026-06-08 12:00:13,1969,볼보,803,15.4,볼보 S90T8 AWD,441154433,1345510
2026-06-08 12:00:27,0,포르쉐,5,2.9,"타이칸 4S (High, 5인승)",441154436,1515000
2026-06-08 12:00:13,1991,벤츠,4,10.8,Mercedes-Benz C200,441154437,1918597
2026-06-08 12:00:12,2956,포드,803,12.7,Explorer 3.0 PHEV,441154441,1631563
2026-06-08 12:00:12,2497,현대,4,10.8,싼타페(개조) 2.5T-GDI 2WD 5인 18인치타이어,441154445,1918597
2026-06-08 12:00:27,2497,현대,4,10.8,싼타페(개조) 2.5T-GDI 2WD 5인 18인치(빌트인캠),441154446,1918597
2026-06-08 12:00:12,2979,마세라티,5,7,마세라티 르반떼 S,441154448,2960121
2026-06-08 12:00:27,2979,마세라티,5,7,마세라티 르반떼,441154449,2960121
2026-06-08 12:00:12,2497,현대,4,9.9,싼타페(개조) 2.5T-GDI AWD 7인 18인치타이어,441154452,2093015
2026-06-08 12:00:12,2497,현대,4,9.5,싼타페(개조) 2.5T-GDI AWD 7인 20인치타이어,441154453,2181142
2026-06-08 12:00:27,1497,케이지모빌리티,3,12,티볼리 에어 가솔린 1.5 AT 2WD 16인치 타이어,441154458,1726738
2026-06-08 12:00:12,6498,람보르기니,5,4.2,Aventador SVJ Roadster,441154461,4933536
2026-06-08 12:00:27,2993,BMW,3,12.4,BMW X3 xDrive30d,441154466,1439093
2026-06-08 12:00:27,2993,BMW,3,12.3,BMW X4 xDrive30d,441154470,1450793
2026-06-08 12:00:25,0,투데이션샤인,901,5.5,마이브 M1,441154471,798818
2026-06-08 12:00:25,1598,현대,3,11.8,코나(PE) 1.6T-GDI 4WD 17인치타이어,441154474,1756004
2026-06-08 12:00:27,1598,현대,3,12.2,코나(PE) 1.6T-GDI 4WD 16인치타이어,441154475,1698430
2026-06-08 12:00:25,1598,현대,2,13.9,코나(PE) 1.6T-GDI 2WD 16인치/17인치타이어,441154477,1490709
2026-06-08 12:00:27,3799,마세라티,5,5.8,마세라티 르반떼 GTS,441154483,3572560
2026-06-08 12:00:27,0,(주)디피코,901,3.8,포트로(HMT-101),441154484,1156184
2026-06-08 12:00:25,1969,볼보,4,9.9,볼보 V60CCB5 AWD,441154494,2093015
2026-06-08 12:00:25,3342,현대,5,8.5,G70(IK PE) 3.3T-GDI AWD 19인치(썸머),441154499,2437747
2026-06-08 12:00:25,3342,현대,4,9.4,G70(IK PE) 3.3T-GDI 2WD 19인치(올시즌)_SP,441154500,2204346
2026-06-08 12:00:25,0,포르쉐,5,2.9,타이칸 4S (High),441154514,1515000
2026-06-08 12:00:25,1991,벤츠,4,10.5,Mercedes-Benz GLA250 4MATIC,441154529,1973414
2026-06-08 12:00:12,1998,현대,5,9.3,G70(IK PE) 2.0T-GDI AWD 19인치(썸머),441154532,2228048
2026-06-08 12:00:12,1998,현대,4,10.4,G70(IK PE) 2.0T-GDI 2WD 19인치(썸머),441154534,1992389
2026-06-08 12:00:12,1998,현대,4,9.9,G70(IK PE) 2.0T-GDI AWD 18인치타이어,441154535,2093015
2026-06-08 12:00:12,1998,현대,4,10.7,G70(IK PE) 2.0T-GDI 2WD 18인치타이어,441154537,1936528
2026-06-08 12:00:12,1998,현대,4,10.5,G70(IK PE) 2.0T-GDI 2WD 18인치(빌트인캠),441154538,1973414
2026-06-08 12:00:12,1998,BMW,3,11.8,BMW 320i,441154539,1756004
2026-06-08 12:00:12,1998,현대,4,10.5,G70(IK PE) 2.0T-GDI 2WD 19인치(올시즌)_SP,441154542,1973414
2026-06-08 12:00:25,1998,현대,4,10.4,G70(IK PE) 2.0T-GDI 2WD 19인치(썸머)_SP,441154543,1992389
2026-06-08 12:00:12,2993,BMW,3,13.1,BMW 630d xDrive,441154545,1362195
2026-06-08 12:00:12,1950,벤츠,3,12.4,Mercedes-Benz GLC220 d 4MATIC Coupe,441154547,1439093
2026-06-08 12:00:12,3982,벤츠,5,7,Mercedes-AMG GT,441154549,2960121
2026-06-08 12:00:12,1999,기아,3,12.5,K5(DL3) 2.0CVVL_18인치(빌트인캠),441154556,1657668
2026-06-08 12:00:12,2157,케이지모빌리티,4,10.9,렉스턴 2.2 8AT 2WD SCR Step2 7인승,441154558,1637133
2026-06-08 12:00:12,2487,토요타,1,17,토요타 Avalon Hybrid,441154565,1218874
2026-06-08 12:00:12,1341,한국지엠,3,12.9,트레일블레이저 1.35 TURBO FWD,441154569,1606267
2026-06-08 12:00:14,1341,한국지엠,3,12.6,트레일블레이저 1.35 TURBO FWD,441154570,1644512
2026-06-08 12:00:26,2497,현대,4,9.8,GV70 2.5T-GDI 2WD 21인치 (스포츠패키지),441154580,2114372
2026-06-08 12:00:27,2999,벤츠,5,9.1,Mercedes-Benz E 450 4MATIC Coupe,441154612,2277016
2026-06-08 12:00:27,1991,벤츠,4,10.1,Mercedes-Benz E250,441154613,2051569
2026-06-08 12:00:27,1991,벤츠,4,11.5,Mercedes-Benz A250 4MATIC,441154619,1801813
2026-06-08 12:00:27,3470,기아,5,8.7,카니발 3.5GDI 하이리무진 9인승 19인치,441154621,2381707
2026-06-08 12:00:26,1998,BMW,4,11.4,BMW 420i Convertible,441154622,1817618
2026-06-08 12:00:27,2157,케이지모빌리티,3,11.6,렉스턴 2.2 8AT 2WD SCR Step2 5인승 ISG,441154626,1538341
2026-06-08 12:00:26,2993,BMW,4,10.7,BMW X5 xDrive30d,441154641,1667734
2026-06-08 12:00:26,1991,벤츠,4,10.8,Mercedes-Benz C200 Coupe,441154648,1918597
2026-06-08 12:00:21,3995,포르쉐,5,8.4,718 박스터 GTS 4.0,441154658,2466768
2026-06-08 12:00:25,3996,포르쉐,5,7.1,파나메라 터보 S (5인승),441154659,2918430
2026-06-08 12:00:12,2894,포르쉐,5,8,파나메라 4 (5인승),441154661,2590106
2026-06-08 12:00:25,1968,아우디,2,14.2,A6 40 TDI quattro,441154662,1256673
2026-06-08 12:00:23,3996,포르쉐,5,7.1,파나메라 GTS,441154674,2918430
2026-06-08 12:00:23,2894,포르쉐,5,8,파나메라 4 이그제큐티브,441154675,2590106
2026-06-08 12:00:26,2894,포르쉐,5,8,파나메라 4,441154676,2590106
2026-06-08 12:00:11,3996,아우디,5,7,RS 6 Avant,441154677,2960121
2026-06-08 12:00:11,2998,BMW,4,10.4,BMW M440i xDrive,441154681,1992389
2026-06-08 12:00:11,1968,아우디,3,13,Q5 Sportback 40 TDI quattro,441154684,1372673
2026-06-08 12:00:26,0,테슬라코리아 유한회사,2,5.6,Model 3 Long Range,441154686,784554
2026-06-08 12:00:11,3956,폭스바겐,5,9.1,Touareg 4.0 TDI,441154690,1960962
2026-06-08 12:00:11,1968,폭스바겐,2,15.1,T-ROC 2.0 TDI,441154691,1181772
2026-06-08 12:00:26,1598,기아,3,13.2,스포티지 1.6디젤 4WD (PE/19“ 타이어)(21),441154698,1351875
2026-06-08 12:00:26,1998,BMW,4,11.2,BMW 330i xDrive,441154708,1850076
2026-06-08 12:00:26,2360,크라이슬러,5,9.3,짚 체로키 2.4 AWD,441154712,2228048
2026-06-08 12:00:26,1997,재규어,4,9.8,재규어 F-Type P300 Convertible,441154717,2114372
2026-06-08 12:00:26,2995,재규어,5,8.6,재규어 F-Type P380 Coupe,441154718,2409401
2026-06-08 12:00:26,5000,재규어,5,8,재규어 F-Type SVR Convertible,441154721,2590106
2026-06-08 12:00:26,3982,벤츠,5,7.2,Mercedes-AMG GT63 S 4MATIC+ (5 seater),441154722,2877896
2026-06-08 12:00:12,3982,벤츠,5,5.7,Mercedes-AMG G63,441154723,3635237
2026-06-08 12:00:11,1598,기아,1,17.1,"셀토스 1.6디젤 2WD 16"" 타이어 (21)",441154724,1043553
2026-06-08 12:00:26,1598,기아,1,16.7,"셀토스 1.6디젤 2WD 17"" 타이어 (21)",441154725,1068548
2026-06-08 12:00:27,1598,기아,1,16.1,"셀토스 1.6디젤 2WD 18"" 타이어 (21)",441154726,1108370
2026-06-08 12:00:26,1598,기아,2,14.3,"셀토스 1.6디젤 4WD 18"" 타이어 (21)",441154729,1247885
2026-06-08 12:00:26,1991,벤츠,5,9.2,Mercedes-Benz GLC300 4MATIC,441154730,2252266
2026-06-08 12:00:25,2959,기아,5,9.3,모하비 3.0 디젤 4WD 7인 18인치타이어 (21),441154731,1918790
2026-06-08 12:00:25,1991,벤츠,4,11.5,Mercedes-Benz GLA220,441154732,1801813
2026-06-08 12:00:25,2959,기아,5,9.3,모하비 3.0 디젤 4WD 5인 20인치타이어 (21),441154735,1918790
2026-06-08 12:00:11,2959,기아,5,9.2,모하비 3.0 디젤 4WD 6인 20인치타이어 (21),441154736,1939647
2026-06-08 12:00:11,2959,기아,4,9.4,모하비 3.0 디젤 4WD 6인 18인치타이어 (21),441154737,1898378
2026-06-08 12:00:25,2199,현대,4,11.3,팰리세이드 2.2 디젤 AWD 8인 20인치 (21),441154739,1579181
2026-06-08 12:00:25,2199,현대,3,11.7,팰리세이드 2.2 디젤 2WD 8인 20인치 (21),441154741,1525192
2026-06-08 12:00:11,2199,현대,3,12.4,팰리세이드 2.2 디젤 2WD 7인 18인치 (21),441154744,1439093
2026-06-08 12:00:25,1996,포드,5,8.9,Ranger Raptor,441154746,2005028
2026-06-08 12:00:12,3996,아우디,5,6.6,RS Q8,441154750,3139523
2026-06-08 12:00:25,2967,아우디,4,10.9,Q8 45 TDI quattro,441154752,1637133
2026-06-08 12:00:26,2995,아우디,5,8.9,SQ5 Sportback TFSI,441154754,2328185
2026-06-08 12:00:25,1950,벤츠,1,16.1,Mercedes-Benz A200 d,441154756,1108370
2026-06-08 12:00:26,1991,벤츠,3,11.9,Mercedes-Benz A220,441154757,1741248
2026-06-08 12:00:11,0,(주) 한신자동차,5,2.5,플러스(PLUS),441154761,1757400
2026-06-08 12:00:26,3982,벤츠,5,5.7,Mercedes-AMG G63(Standard),441154763,3635237
2026-06-08 12:00:12,2360,크라이슬러,4,10,짚 체로키 2.4 FWD,441154765,2072085
2026-06-08 12:00:25,2967,아우디,4,11.5,S6 TDI,441154767,1551717
2026-06-08 12:00:25,2151,기아,4,11,"카니발 2.2디젤 하이리무진 7인승(19""타이어)",441154769,1622250
2026-06-08 12:00:12,2151,기아,4,11.5,"카니발 2.2디젤 하이리무진 9인승(18""/19""타이어)",441154770,1551717
2026-06-08 12:00:26,2967,아우디,4,10.6,Q7 45 TDI quattro,441154771,1683467
2026-06-08 12:00:26,2967,아우디,4,11,Q7 50 TDI quattro,441154772,1622250
2026-06-08 12:00:26,2995,포르쉐,803,10.5,카이엔 E-하이브리드,441154775,1973414
2026-06-08 12:00:12,2967,아우디,3,11.7,A6 50 TDI quattro,441154776,1525192
2026-06-08 12:00:12,2967,아우디,4,11.4,A8 50 TDI quattro,441154778,1565329
2026-06-08 12:00:12,0,테슬라코리아 유한회사,3,4.8,Model Y Performance,441154781,915313
2026-06-08 12:00:12,2894,포르쉐,803,12,파나메라 4 E-하이브리드 (5인승),441154782,1726738
2026-06-08 12:00:12,2995,포르쉐,803,10.5,카이엔 E-하이브리드 COUPE,441154784,1973414
2026-06-08 12:00:12,1950,벤츠,2,14.2,Mercedes-Benz GLB 200 d,441154789,1256673
2026-06-08 12:00:12,1991,벤츠,4,10.8,Mercedes-Benz GLB 220,441154790,1918597
2026-06-08 12:00:12,0,(주)디피코,901,4.2,포트로 탑(HMT-250T),441154794,1046071
2026-06-08 12:00:12,2956,포드,5,8.3,Explorer 3.0,441154797,2496488
2026-06-08 12:00:12,3456,토요타,4,9.6,렉서스 LS500h AWD,441154798,2158422
2026-06-08 12:00:26,1499,PSA Automobiles,2,15.8,C5 Aircross 1.5 BlueHDi_(18inch tire),441154899,1129415
2026-06-08 12:00:07,1499,PSA Automobiles,2,14.9,Peugeot 5008 1.5 BlueHDi,441154901,1197634
2026-06-08 12:00:07,1499,PSA Automobiles,2,15.6,Peugeot 508SW 1.5 BlueHDi_(19inch tire),441154903,1143894
2026-06-08 12:00:25,0,포르쉐,5,2.9,타이칸 터보,441154904,1515000
2026-06-08 12:00:26,1499,MINI,3,13.4,MINI Cooper,441154905,1546332
2026-06-08 12:00:26,1969,볼보,3,11.7,볼보 S60B5,441154907,1771013
2026-06-08 12:00:25,1969,볼보,4,10.3,볼보 S90B6 AWD,441154909,2011733
2026-06-08 12:00:08,1969,볼보,4,10.2,볼보 V90CCB6 AWD,441154910,2031456
2026-06-08 12:00:08,0,(주)루트17,4,3.6,다니고VAN,441154913,1220417
2026-06-08 12:00:27,1998,BMW,4,10,BMW M135i xDrive,441154914,2072085
2026-06-08 12:00:25,2925,벤츠,5,8.4,Mercedes-Benz G400 d,441154917,2124375
2026-06-08 12:00:08,1499,MINI,3,12.1,MINI Cooper Convertible,441154918,1712467
2026-06-08 12:00:08,2925,벤츠,4,11.4,Mercedes-Benz S400 d 4MATIC,441154919,1565329
2026-06-08 12:00:08,1591,기아,3,12.1,K3 1.6 T-GDI 5DR 7DCT PE (ALL SEASON TIRE),441154921,1712467
2026-06-08 12:00:07,1991,벤츠,4,11.2,Mercedes-Benz CLA250 4MATIC,441154926,1850076
2026-06-08 12:00:08,1991,벤츠,5,8.6,Mercedes-AMG GLA45 4MATIC,441154928,2409401
2026-06-08 12:00:08,0,쎄미시스코,901,5.4,D2C(D2C13),441154930,813611
2026-06-08 12:00:25,2199,현대,4,11.5,스타리아 2.2디젤 3밴 8AT (빌트인캠),441154932,1551717
2026-06-08 12:00:07,2199,현대,4,11.1,스타리아 2.2디젤 5밴 8AT (빌트인캠),441154934,1607635
2026-06-08 12:00:08,2925,벤츠,3,12,Mercedes-Benz S350 d,441154937,1487063
2026-06-08 12:00:25,1998,랜드로버,3,12.5,레인지로버 이보크 D165,441154940,1427580
2026-06-08 12:00:26,3996,벤틀리,5,6.7,Bentayga V8,441154941,3092664
2026-06-08 12:00:08,4395,BMW,5,7.7,BMW M5 CS,441154943,2691019
2026-06-08 12:00:07,0,현대,3,4.7,아이오닉5 항속형 4WD 19인치,441154950,934787
2026-06-08 12:00:27,3982,벤츠,5,6.6,Mercedes-Benz GLS580 4MATIC,441154959,3139523
2026-06-08 12:00:27,2999,벤츠,5,8.3,Mercedes-Benz GLE450 4MATIC (5 Seater),441154960,2496488
2026-06-08 12:00:26,3996,벤틀리,5,6.7,Bentayga V8,441154961,3092664
2026-06-08 12:00:27,1999,현대,1,18,쏘나타(DN8) 2.0GDI 하이브리드_18인치타이어_22MY,441154962,1151158
2026-06-08 12:00:08,1999,현대,1,17.6,쏘나타(DN8) 하이브리드_18인치(빌트인캠)_22MY,441154967,1177321
2026-06-08 12:00:08,1999,현대,1,19.1,쏘나타(DN8) 2.0GDI 하이브리드_17인치타이어_22MY,441154968,1084861
2026-06-08 12:00:08,1999,현대,1,18.8,쏘나타(DN8) 하이브리드_17인치(빌트인캠)_22MY,441154969,1102173
2026-06-08 12:00:25,1598,현대,2,15.3,"싼타페 1.6T-GDI 하이브리드 2WD 5인 17""타이어",441154984,1354304
2026-06-08 12:00:27,1598,현대,2,15,"싼타페 1.6T-GDI 하이브리드 2WD 5인 17""(빌트인캠)",441154985,1381390
2026-06-08 12:00:26,1598,현대,2,14.3,"싼타페 1.6T-GDI 하이브리드 2WD 5인 19""타이어",441154986,1449010
2026-06-08 12:00:07,1598,현대,3,13.4,"싼타페 1.6T-GDI 하이브리드 AWD 5인 17""타이어",441154987,1546332
2026-06-08 12:00:25,1598,현대,3,13.1,"싼타페 1.6T-GDI 하이브리드 AWD 5인 19""타이어",441154988,1581744
2026-06-08 12:00:08,1998,현대,4,10,코나 N 2.0T-GDI 2WD 19인치타이어,441154991,2072085
2026-06-08 12:00:25,1499,PSA Automobiles,2,15.8,Peugeot 3008 1.5 BlueHDi,441154997,1129415
2026-06-08 12:00:26,1499,PSA Automobiles,2,14.9,DS7 Crossback 1.5 BlueHDi,441154998,1197634
2026-06-08 12:00:27,1499,PSA Automobiles,1,17.2,Peugeot 508 1.5 BlueHDi_(18inch tire),441154999,1037485
2026-06-08 12:00:07,2997,랜드로버,4,10.8,디스커버리 D300,441155007,1652292
2026-06-08 12:00:07,1998,BMW,4,10,MINI John Cooper Works Clubman ALL4(MY22),441155008,2072085
2026-06-08 12:00:25,3470,현대,5,6.9,스타리아 3.5LPI 5밴 8AT (빌트인캠),441155025,1719109
2026-06-08 12:00:25,3470,현대,5,7,스타리아 3.5LPI 5밴 8AT,441155026,1694550
2026-06-08 12:00:26,1984,아우디,4,10.9,A5 Coupe 45 TFSI quattro,441155032,1900995
2026-06-08 12:00:27,3342,기아,5,8,K9 PE 3.3T-GDI AWD 19인치(빌트인캠),441155040,2590106
2026-06-08 12:00:26,3342,기아,5,8.4,K9 PE 3.3GDI AWD 19인치,441155042,2466768
2026-06-08 12:00:08,3342,기아,5,8.5,K9 PE 3.3GDI AWD 18인치,441155043,2437747
2026-06-08 12:00:07,3342,기아,5,8.4,K9 PE 3.3GDI AWD 18인치(빌트인캠),441155048,2466768
2026-06-08 12:00:07,3342,기아,5,8.6,K9 PE 3.3GDI 2WD 19인치(빌트인캠),441155049,2409401
2026-06-08 12:00:07,1997,랜드로버,5,7.6,디펜더 110 P300,441155052,2726428
2026-06-08 12:00:26,3470,현대,5,8.8,G80 3.5T-GDI 2WD 20인치 (SP 다이내믹),441155061,2354642
2026-06-08 12:00:26,2151,현대,2,13.9,G80 2.2디젤 2WD 19인치 (SP),441155065,1283795
2026-06-08 12:00:26,3982,벤츠,5,7.9,Mercedes-Maybach S580 4MATIC (4 Seater),441155067,2622892
2026-06-08 12:00:26,3778,기아,5,9,K9 PE 3.8GDI 2WD 18인치,441155071,2302317
2026-06-08 12:00:27,2997,랜드로버,4,9.8,디펜더 110 D300,441155078,1820893
2026-06-08 12:00:27,2997,랜드로버,4,10.2,디펜더 90 D250,441155080,1749485
2026-06-08 12:00:26,1991,벤츠,803,14.8,Mercedes-Benz C300 e 4MATIC,441155081,1400057
2026-06-08 12:00:08,1598,현대,2,15.3,투싼 1.6T-GDI 하이브리드 6AT 19인치 (빌트인캠),441155083,1354304
2026-06-08 12:00:08,1598,현대,2,15.8,투싼 1.6T-GDI 하이브리드 6AT 19인치,441155084,1311446
2026-06-08 12:00:07,2999,벤츠,4,9.6,Mercedes-Benz S500 4MATIC,441155088,2158422
2026-06-08 12:00:27,1991,벤츠,4,10.1,Mercedes-Benz GLB250 4MATIC (5seater),441155096,2051569
2026-06-08 12:00:26,0,(주) 한신자동차,5,2.5,플러스2.0(카고),441155097,1757400
2026-06-08 12:00:10,1998,현대,4,10.7,아반떼 N 2.0 T-GDI 6MT 19인치,441155101,1936528
2026-06-08 12:00:26,1598,기아,1,16.7,스포티지 1.6T-GDI 하이브리드 6AT,441155102,1240769
2026-06-08 12:00:25,1998,재규어,3,13,재규어 XF D200 AWD,441155109,1372673
2026-06-08 12:00:10,1998,재규어,2,13.8,재규어 XF D200,441155110,1293098
2026-06-08 12:00:26,1598,기아,3,12.3,스포티지 1.6T-GDI 2WD 7DCT 18인치,441155113,1684622
2026-06-08 12:00:27,1598,기아,4,11.3,스포티지 1.6T-GDI 4WD 7DCT 18인치,441155118,1833704
2026-06-08 12:00:07,1598,기아,4,11.1,스포티지 1.6T-GDI 4WD 7DCT 18인치 (빌트인캠),441155119,1866743
2026-06-08 12:00:26,1598,기아,4,10.8,스포티지 1.6T-GDI 4WD 7DCT 19인치 (빌트인캠),441155121,1918597
2026-06-08 12:00:27,1998,기아,2,14.6,스포티지 2.0디젤 2WD 8AT 17인치,441155122,1222243
2026-06-08 12:00:07,1998,기아,2,14,스포티지 2.0디젤 2WD 8AT 18인치,441155123,1274625
2026-06-08 12:00:26,1998,기아,2,14.1,스포티지 2.0디젤 2WD 8AT 19인치,441155125,1265585
2026-06-08 12:00:27,1998,기아,3,12.9,스포티지 2.0디젤 4WD 8AT 19인치,441155130,1383314
2026-06-08 12:00:07,1998,기아,3,12.6,스포티지 2.0디젤 4WD 8AT 19인치 (빌트인캠),441155131,1416250
2026-06-08 12:00:10,1997,재규어,4,9.9,재규어 XF P250 AWD,441155134,2093015
2026-06-08 12:00:25,0,현대,2,5.1,아이오닉5 기본형 RWD 19인치,441155137,861471
2026-06-08 12:00:26,1968,폭스바겐,1,17.8,Golf 2.0TDI,441155138,1002514
2026-06-08 12:00:26,0,기아,2,5,EV6 항속형 4WD 19인치,441155143,878700
2026-06-08 12:00:26,0,포르쉐,5,3,"타이칸 (High, 5인승)",441155147,1464500
2026-06-08 12:00:27,0,포르쉐,5,2.8,타이칸 크로스 투리스모 터보,441155148,1569107
2026-06-08 12:00:25,0,포르쉐,5,3.1,타이칸,441155150,1417258
2026-06-08 12:00:26,0,포르쉐,5,2.9,타이칸 크로스 투리스모,441155152,1515000
2026-06-08 12:00:25,0,포르쉐,5,2.9,타이칸 크로스 투리스모 (5인승),441155153,1515000
2026-06-08 12:00:07,0,포르쉐,5,2.9,타이칸 크로스 투리스모 4S (5인승),441155155,1515000
2026-06-08 12:00:07,3470,기아,5,8.9,카니발(22MY) 3.5GDI 7인 19인치타이어,441155175,2328185
2026-06-08 12:00:07,1995,BMW,2,15,BMW 420d Gran Coupe,441155176,1189650
2026-06-08 12:00:07,3470,기아,5,8.9,카니발(22MY) 3.5GDI 7인 19인치타이어(빌트인캠),441155177,2328185
2026-06-08 12:00:07,3470,기아,5,9.1,카니발(22MY) 3.5GDI 9인 18인치/19인치,441155178,2277016
2026-06-08 12:00:25,3470,기아,5,9.1,카니발(22MY) 3.5GDI 11인 18인치타이어,441155179,2277016
2026-06-08 12:00:25,3470,기아,5,9.1,카니발(22MY) 3.5GDI 11인 18인치타이어(빌트인캠),441155180,2277016
2026-06-08 12:00:25,3470,기아,5,8.4,카니발(22MY) 3.5GDI 하이리무진 7인승 19인치,441155181,2466768
2026-06-08 12:00:07,2151,기아,3,13.1,카니발(22MY) 2.2디젤 9인 18인치/19인치,441155184,1362195
2026-06-08 12:00:07,2151,기아,3,12.7,카니발(22MY) 2.2디젤 11인 18인치타이어,441155185,1405098
2026-06-08 12:00:07,2151,기아,3,12.4,카니발(22MY) 2.2디젤 11인 18인치타이어(빌트인캠),441155186,1439093
2026-06-08 12:00:26,0,현대,2,5.1,GV60 RWD 19인치,441155187,861471
2026-06-08 12:00:27,998,현대,000,12.3,캐스퍼 1.0T-GDI 4AT 17인치,441155188,1684622
2026-06-08 12:00:07,2993,BMW,5,8.3,BMW M3 Competition M xDrive,441155193,2496488
2026-06-08 12:00:07,2993,BMW,5,8.3,BMW M4 Competition M xDrive,441155194,2496488
2026-06-08 12:00:26,3982,벤츠,5,7.5,Mercedes-Benz S580 4MATIC,441155197,2762780
2026-06-08 12:00:26,2999,벤츠,4,9.5,Mercedes-Benz S500 4MATIC,441155199,2181142
2026-06-08 12:00:26,1991,벤츠,4,10.1,Mercedes-AMG A35 4MATIC,441155201,2051569
2026-06-08 12:00:25,998,현대,000,13.8,캐스퍼 1.0 가솔린 17인치타이어,441155203,1501511
2026-06-08 12:00:07,2981,포르쉐,5,7.9,911 타르가 4 GTS,441155208,2622892
2026-06-08 12:00:25,1991,벤츠,4,11.2,Mercedes-Benz A250 4MATIC,441155213,1850076
2026-06-08 12:00:07,1998,BMW,4,9.8,BMW X3 xDrive20i,441155216,2114372
2026-06-08 12:00:26,1998,BMW,4,9.9,BMW X4 xDrive20i,441155217,2093015
2026-06-08 12:00:08,6749,롤스로이스,5,5.6,Rolls Royce Ghost Black Badge,441155218,3700152
2026-06-08 12:00:26,0,기아,2,5.3,EV6 기본형 4WD 19인치,441155222,828962
2026-06-08 12:00:26,2981,포르쉐,5,8.1,911 카레라 GTS,441155229,2558130
2026-06-08 12:00:26,2981,포르쉐,5,8.1,911 카레라 GTS (2인승),441155232,2558130
2026-06-08 12:00:07,0,아우디,4,3.7,e-tron GT quattro,441155233,1187432
2026-06-08 12:00:07,1998,BMW,803,13.4,BMW X3 xDrive30e,441155242,1546332
2026-06-08 12:00:25,3470,현대,5,8.2,GV80(22MY) 3.5T-GDI 2WD 7인 22인치타이어,441155243,2526933
2026-06-08 12:00:26,3470,현대,5,8.2,GV80(22MY) 3.5T-GDI 2WD 6인 22인치타이어,441155244,2526933
2026-06-08 12:00:26,3470,현대,5,7.8,GV80(22MY) 3.5T-GDI AWD 5인 20인치타이어(빌트인캠),441155256,2656519
2026-06-08 12:00:07,2497,현대,5,9,GV80(22MY) 2.5T-GDI AWD 6인 19인치타이어,441155272,2302317
2026-06-08 12:00:07,2497,현대,5,9,GV80(22MY) 2.5T-GDI AWD 5인 19인치타이어,441155273,2302317
2026-06-08 12:00:08,2497,현대,5,8.8,GV80(22MY) 2.5T-GDI AWD 7인 19인치타이어(빌트인캠),441155274,2354642
2026-06-08 12:00:08,2497,현대,5,8.8,GV80(22MY) 2.5T-GDI AWD 6인 19인치타이어(빌트인캠),441155275,2354642
2026-06-08 12:00:08,2497,현대,5,8.8,GV80(22MY) 2.5T-GDI AWD 5인 19인치타이어(빌트인캠),441155276,2354642
2026-06-08 12:00:08,2497,현대,5,8.6,GV80(22MY) 2.5T-GDI AWD 5인 22인치타이어,441155277,2409401
2026-06-08 12:00:08,2497,현대,5,8.6,GV80(22MY) 2.5T-GDI AWD 5인 20인치타이어,441155278,2409401
2026-06-08 12:00:07,3982,벤츠,5,7.3,Mercedes-Maybach S580 4MATIC (4Seater),441155300,2838473
2026-06-08 12:00:26,1993,벤츠,2,13.9,Mercedes-Benz CLS300 d 4MATIC,441155303,1283795
2026-06-08 12:00:26,0,케이지모빌리티,3,4.9,코란도 e-motion 2WD Non Heat Pump,441155305,896633
2026-06-08 12:00:26,1998,BMW,4,11.2,BMW 420i Gran Coupe,441155316,1850076
2026-06-08 12:00:07,1968,폭스바겐,2,14.3,Passat GT 2.0TDI 4Motion,441155318,1247885
2026-06-08 12:00:26,1490,GM,4,10.6,CHEVROLET EQUINOX AWD,441155320,1954797
2026-06-08 12:00:07,1199,PSA Automobiles,3,12.2,Peugeot 3008 1.2 Puretech,441155321,1698430
2026-06-08 12:00:07,0,벤츠,4,3.8,Mercedes-Benz EQS450 +,441155329,1156184
2026-06-08 12:00:08,1969,볼보,4,10.1,볼보 XC40B4 AWD,441155345,2051569
2026-06-08 12:00:07,1969,볼보,4,9.9,볼보 V60CCB5 AWD,441155346,2093015
2026-06-08 12:00:25,6496,페라리,5,5.6,페라리 812 Competizione,441155348,3700152
2026-06-08 12:00:26,1968,아우디,2,14.8,Q3 35 TDI,441155354,1205726
2026-06-08 12:00:08,1991,벤츠,4,9.9,Mercedes-Benz GLB250 4MATIC(5seater),441155355,2093015
2026-06-08 12:00:26,5000,재규어,5,7,재규어 F-PACE SVR,441155356,2960121
2026-06-08 12:00:10,1991,벤츠,803,13.3,Mercedes-Benz GLC300 e 4MATIC Coupe,441155357,1557959
2026-06-08 12:00:26,0,벤츠,4,4,Mercedes-Benz EQA250,441155358,1098375
2026-06-08 12:00:10,3597,폭스바겐,5,7.5,Atlas,441155359,2762780
2026-06-08 12:00:07,3996,포르쉐,5,6.5,카이엔 터보 COUPE,441155361,3187823
2026-06-08 12:00:07,3996,포르쉐,5,6.5,카이엔 터보,441155362,3187823
2026-06-08 12:00:07,1999,벤츠,3,11.8,Mercedes-Benz C300,441155365,1756004
2026-06-08 12:00:07,2199,현대,4,9.4,스타리아 라운지 리무진 2.2디젤 4WD 9인,441155366,1898378
2026-06-08 12:00:10,2199,현대,4,10,스타리아 어린이통학차 2.2디젤 2WD 14인,441155368,1784475
2026-06-08 12:00:26,2199,현대,4,10,스타리아 어린이통학차 2.2디젤 2WD 11인,441155372,1784475
2026-06-08 12:00:10,2199,현대,4,10,스타리아 라운지 리무진 2.2디젤 2WD 7인,441155374,1784475
2026-06-08 12:00:07,1969,볼보,5,9.3,볼보 XC90B6 AWD,441155376,2228048
2026-06-08 12:00:26,1969,볼보,4,9.9,볼보 S90B6 AWD,441155377,2093015
2026-06-08 12:00:27,0,아우디,5,2.7,e-tron S Sportback,441155379,1627222
2026-06-08 12:00:27,1969,볼보,4,10.4,볼보 V90CCB6 AWD,441155381,1992389
2026-06-08 12:00:27,1969,볼보,5,9.1,볼보 XC60B6 AWD,441155382,2277016
2026-06-08 12:00:10,1597,케이지모빌리티,4,11.4,티볼리 가솔린 1.6 AT 2WD 기준4 18인치 타이어,441155383,1817618
2026-06-08 12:00:26,1969,볼보,4,11.3,볼보 S60B5,441155386,1833704
2026-06-08 12:00:07,0,BMW,4,4.1,BMW iX3 M Sport,441155389,1071585
2026-06-08 12:00:27,1968,아우디,1,16.7,Q2 35 TDI,441155394,1068548
2026-06-08 12:00:07,2199,현대,5,9.3,스타리아 어린이통학차 2.2디젤 4WD 11인 (18인치),441155396,1918790
2026-06-08 12:00:08,2151,기아,2,14.1,쏘렌토 2.2디젤 2WD 7인 18인치 타이어(22),441155398,1265585
2026-06-08 12:00:26,2894,포르쉐,5,7.8,마칸 S,441155439,2656519
2026-06-08 12:00:07,2894,포르쉐,5,7.6,마칸 GTS,441155440,2726428
2026-06-08 12:00:25,2979,마세라티,5,7,마세라티 르반떼 모데나 S,441155444,2960121
2026-06-08 12:00:08,2979,마세라티,5,7.4,마세라티 콰트로포르테 GT,441155447,2800115
2026-06-08 12:00:08,2979,마세라티,5,6.5,마세라티 콰트로포르테 모데나 Q4,441155448,3187823
2026-06-08 12:00:27,0,BMW,4,4.1,BMW i4 M50,441155449,1071585
2026-06-08 12:00:26,2497,현대,5,9.3,포터 2.5디젤 초장축 더블캡 MT(22),441155460,1918790
2026-06-08 12:00:26,2497,현대,4,9.5,포터 2.5디젤 초장축 슈퍼캡 MT(22),441155461,1878395
2026-06-08 12:00:26,2151,기아,3,12.4,카니발 2.2디젤 7인 19인치(빌트인캠)(22),441155463,1439093
2026-06-08 12:00:26,2151,기아,3,13,카니발 2.2디젤 9인 18인치/19인치(22),441155464,1372673
2026-06-08 12:00:07,2151,기아,3,12.3,카니발 2.2디젤 11인 18인치(빌트인캠)(22),441155467,1450793
2026-06-08 12:00:08,2151,현대,2,14.1,싼타페 2.2디젤 2WD 7인 18인치(22),441155469,1265585
2026-06-08 12:00:08,2151,현대,3,13.7,싼타페 2.2디젤 2WD 7인 20인치(22),441155471,1302536
2026-06-08 12:00:08,0,BMW,3,4.6,BMW i4 eDrive40,441155472,955109
2026-06-08 12:00:07,2151,현대,3,13.6,싼타페 2.2디젤 AWD 5인 18인치(22),441155473,1312114
2026-06-08 12:00:07,2151,현대,3,13.1,싼타페 2.2디젤 AWD 7인 18인치(22),441155474,1362195
2026-06-08 12:00:07,2151,현대,3,12.8,싼타페 2.2디젤 AWD 7인 20인치(22),441155475,1394121
2026-06-08 12:00:07,2497,기아,5,9,봉고 1톤 4X4장축 슈퍼캡(22),441155476,1982750
2026-06-08 12:00:26,2497,기아,5,9.3,봉고 1톤 초장축 더블캡 MT(22),441155477,1918790
2026-06-08 12:00:26,2151,현대,2,14,싼타페 2.2디젤 2WD 5인 18인치(빌트인캠)(22),441155485,1274625
2026-06-08 12:00:07,2157,케이지모빌리티,4,10.6,렉스턴스포츠 2.2 디젤 2WD 6AT SCR Step2(17인치),441155500,1683467
2026-06-08 12:00:08,2157,케이지모빌리티,4,10.4,렉스턴스포츠 2.2 디젤 2WD 6AT SCR Step2(20인치),441155501,1715841
2026-06-08 12:00:08,2157,케이지모빌리티,4,11.1,렉스턴스포츠 2.2 디젤 4WD 6MT SCR Step2(17인치),441155502,1607635
2026-06-08 12:00:07,2497,현대,4,10.4,싼타페(개조)2.5T-GDI 2WD 6인 18인치(빌트인캠)_22MY,441155517,1992389
2026-06-08 12:00:25,2497,현대,4,10.1,싼타페(개조) 2.5T-GDI 2WD 6인 20인치(22MY),441155518,2051569
2026-06-08 12:00:25,2497,현대,4,9.9,싼타페(개조) 2.5T-GDI AWD 6인 18인치(22MY),441155519,2093015
2026-06-08 12:00:25,2497,현대,4,9.5,싼타페(개조) 2.5T-GDI AWD 6인 20인치(22MY),441155520,2181142
2026-06-08 12:00:25,1598,현대,2,15,"싼타페 1.6T-GDI HEV 2WD 7인 17""(빌트인캠)(22MY)",441155522,1381390
2026-06-08 12:00:25,1598,현대,2,15.3,"싼타페 1.6T-GDI HEV 2WD 7인 17""타이어(22MY)",441155523,1354304
2026-06-08 12:00:26,1598,현대,2,14.3,"싼타페 1.6T-GDI HEV 2WD 5인 19""타이어(22MY)",441155530,1449010
2026-06-08 12:00:08,1598,현대,3,13.4,"싼타페 1.6T-GDI HEV AWD 7인 17""타이어(22MY)",441155531,1546332
2026-06-08 12:00:26,1598,현대,3,13.4,"싼타페 1.6T-GDI HEV AWD 6인 17""타이어(22MY)",441155532,1546332
2026-06-08 12:00:26,1598,현대,3,13.4,"싼타페 1.6T-GDI HEV AWD 5인 17""타이어(22MY)",441155533,1546332
2026-06-08 12:00:26,1598,현대,3,13.1,"싼타페 1.6T-GDI HEV AWD 7인 19""타이어(22MY)",441155534,1581744
2026-06-08 12:00:08,1598,현대,3,13.1,"싼타페 1.6T-GDI HEV AWD 6인 19""타이어(22MY)",441155535,1581744
2026-06-08 12:00:08,1598,현대,3,13.1,"싼타페 1.6T-GDI HEV AWD 5인 19""타이어(22MY)",441155536,1581744
2026-06-08 12:00:26,1580,기아,1,20.8,니로(SG2) 1.6GDI 하이브리드 16인치,441155542,996195
2026-06-08 12:00:08,1580,기아,1,18.8,니로(SG2) 1.6GDI 하이브리드 18인치 빌트인캠,441155543,1102173
2026-06-08 12:00:07,1580,기아,1,19.1,니로(SG2) 1.6GDI 하이브리드 18인치,441155544,1084861
2026-06-08 12:00:25,1998,기아,2,13.8,스포티지 2.0디젤 2WD 8AT 18인치 (빌트인캠)(22),441155547,1293098
2026-06-08 12:00:25,1998,기아,2,14,스포티지 2.0디젤 2WD 8AT 19인치(22),441155548,1274625
2026-06-08 12:00:26,1998,기아,2,13.8,스포티지 2.0디젤 2WD 8AT 19인치 (빌트인캠)(22),441155550,1293098
2026-06-08 12:00:25,1998,기아,3,12.8,스포티지 2.0디젤 4WD 8AT 18인치 (빌트인캠)(22),441155552,1394121
2026-06-08 12:00:07,0,볼보,4,3.9,볼보 XC40 Recharge Twin,441155555,1126538
2026-06-08 12:00:10,1998,BMW,803,15.8,BMW 320e,441155557,1311446
2026-06-08 12:00:26,0,벤츠,5,3.1,Mercedes-Benz EQC400 4MATIC,441155560,1417258
2026-06-08 12:00:26,3470,현대,5,8.5,G90 3.5T-GDI AWD 4인 19인치,441155563,2437747
2026-06-08 12:00:26,3470,현대,5,8.3,G90 e-S/C 3.5T-GDI AWD 4인 21인치,441155570,2496488
2026-06-08 12:00:26,3470,현대,5,8.4,G90 e-S/C 3.5T-GDI AWD 4인 20인치,441155572,2466768
2026-06-08 12:00:26,3470,현대,5,9.1,G90 e-S/C 3.5T-GDI 2WD 4인 20인치(빌트인캠),441155576,2277016
2026-06-08 12:00:26,3649,GM,5,7.9,CHEVROLET COLORADO AWD,441155581,2622892
2026-06-08 12:00:07,1998,현대,2,13.8,투싼 2.0디젤 2WD 8AT 19인치(22),441155597,1293098
2026-06-08 12:00:08,1998,현대,3,12.4,투싼 2.0디젤 AWD 8AT 19인치(22),441155599,1439093
2026-06-08 12:00:26,2996,현대,4,10.3,GV80 3.0디젤 AWD 7인 22인치(22),441155605,1732500
2026-06-08 12:00:07,2996,현대,4,10.8,GV80 3.0디젤 AWD 5인 19인치(22),441155612,1652292
2026-06-08 12:00:27,0,현대,3,4.3,GV70 Electrified 20인치,441155613,1021744
2026-06-08 12:00:27,4395,BMW,5,7.3,BMW X5 M50i (2022),441155619,2838473
2026-06-08 12:00:27,4395,BMW,5,7.4,BMW X6 M50i (2022),441155620,2800115
2026-06-08 12:00:07,2151,현대,3,13.2,GV70 2.2디젤 2WD 19인치 (스포츠패키지)(22),441155625,1351875
2026-06-08 12:00:07,2151,현대,3,12.6,GV70 2.2디젤 2WD 21인치 (스포츠패키지)(22),441155626,1416250
2026-06-08 12:00:07,2151,현대,3,12.9,GV70 2.2디젤 AWD 18인치(22),441155627,1383314
2026-06-08 12:00:07,2151,현대,3,12.8,GV70 2.2디젤 AWD 18인치(빌트인캠)(22),441155628,1394121
2026-06-08 12:00:07,2151,현대,3,12.2,GV70 2.2디젤 AWD 19인치 (스포츠패키지)(22),441155629,1462684
2026-06-08 12:00:07,2151,현대,3,12,GV70 2.2디젤 AWD 21인치 (스포츠패키지)(22),441155630,1487063
2026-06-08 12:00:26,2151,현대,3,12,GV70 2.2디젤 AWD 21인치(22),441155636,1487063
2026-06-08 12:00:27,5980,벤츠,5,5.9,Mercedes-Maybach S680 4MATIC,441155639,3512008
2026-06-08 12:00:10,1993,벤츠,3,11.9,Mercedes-Benz GLE300 d 4MATIC (5 Seater),441155640,1499559
2026-06-08 12:00:10,2959,기아,5,9.3,모하비 3.0 디젤 4WD 5인 20인치타이어(22),441155643,1918790
2026-06-08 12:00:26,2959,기아,5,9.3,모하비 3.0 디젤 4WD 5인 18인치타이어(22),441155645,1918790
2026-06-08 12:00:26,2487,토요타,2,15.5,토요타 RAV4 Hybrid 2WD,441155646,1336829
2026-06-08 12:00:27,2487,토요타,2,15.2,토요타 RAV4 Hybrid AWD,441155647,1363214
2026-06-08 12:00:26,0,폴스타,3,4.8,Polestar 2 Long Range Single Motor,441155652,915313
2026-06-08 12:00:25,2694,포드,5,8.2,Bronco 2.7,441155654,2526933
2026-06-08 12:00:27,998,현대,000,14.3,캐스퍼 1.0 가솔린 15인치타이어_밴형,441155657,1449010
2026-06-08 12:00:26,2299,르노코리아자동차(주),4,10.5,Master VAN Ph2 L2H2,441155673,1699500
2026-06-08 12:00:08,3470,현대,5,8.2,G90 e-S/C 3.5T-GDI(LONG WHEEL BASE) AWD 4인 20인치,441155675,2526933
2026-06-08 12:00:08,998,기아,000,13,레이 1.0 가솔린 1인승 밴형 14인치 타이어,441155676,1593912
2026-06-08 12:00:08,0,벤츠,4,4,Mercedes-Benz EQA250,441155679,1098375
2026-06-08 12:00:27,6162,GM,5,6.5,캐딜락 Escalade ESV(8인승),441155680,3187823
2026-06-08 12:00:25,2967,아우디,4,10.1,Q8 50 TDI quattro,441155694,1766807
2026-06-08 12:00:08,1968,폭스바겐,1,16.4,T-Roc,441155695,1088095
2026-06-08 12:00:25,0,현대,3,4.2,GV70 Electrified 무선충전,441155696,1046071
2026-06-08 12:00:27,0,테슬라코리아 유한회사,4,4.1,Model X Plaid,441155699,1071585
2026-06-08 12:00:08,4395,BMW,5,7.6,BMW M850i xDrive Coupe,441155702,2726428
2026-06-08 12:00:25,0,테슬라코리아 유한회사,4,4.1,Model S Plaid,441155705,1071585
2026-06-08 12:00:08,0,포르쉐,5,3.2,타이칸 GTS (5인승),441155714,1372969
2026-06-08 12:00:08,2487,토요타,803,19.9,렉서스 NX450h+,441155716,1041249
2026-06-08 12:00:08,2997,랜드로버,4,10.1,더 뉴 레인지로버 D350 LWB (7인승),441155724,1766807
2026-06-08 12:00:08,2997,랜드로버,4,10.1,더 뉴 레인지로버 D350 LWB (5인승),441155725,1766807
2026-06-08 12:00:08,2997,랜드로버,4,10.1,더 뉴 레인지로버 D350 SWB (5인승),441155726,1766807
2026-06-08 12:00:08,1998,MINI,4,9.7,MINI John Cooper Works Clubman ALL4(MY23~),441155729,2136170
2026-06-08 12:00:26,1499,PSA Automobiles,1,17.2,Peugeot New 308 1.5 BlueHDi,441155730,1037485
2026-06-08 12:00:10,0,기아,2,5.3,니로 EV 17인치,441155737,828962
2026-06-08 12:00:10,2387,토요타,4,9.5,토요타 GR86,441155739,2181142
2026-06-08 12:00:08,5035,포드,5,7.5,Mustang GT 5.0 Convertible,441155742,2762780
2026-06-08 12:00:08,0,벤츠,4,4.1,Mercedes-Benz EQB300 4MATIC,441155746,1071585
2026-06-08 12:00:25,3604,크라이슬러,5,7.4,짚 그랜드 체로키,441155748,2800115
2026-06-08 12:00:27,0,아우디,4,4.1,Q4 Sportback e-tron 40,441155750,1071585
2026-06-08 12:00:27,1598,현대,3,12.3,아반떼 1.6 T-GDI 6MT 18인치 타이어(22MY),441155757,1684622
2026-06-08 12:00:07,3995,포르쉐,5,7.6,718 카이맨 GT4,441155760,2726428
2026-06-08 12:00:27,1969,볼보,803,16.2,볼보 XC60T8 AWD,441155763,1279065
2026-06-08 12:00:25,1199,PSA Automobiles,3,12.2,Peugeot 3008 1.2 Puretech,441155766,1698430
2026-06-08 12:00:25,1984,아우디,4,10.7,A6 45 TFSI quattro,441155768,1936528
2026-06-08 12:00:26,3982,벤츠,5,6.2,Mercedes-Maybach GLS600 4MATIC,441155797,3342073
2026-06-08 12:00:08,1332,크라이슬러,5,9.3,짚 레니게이드 1.3 AWD,441155822,2228048
2026-06-08 12:00:27,3982,벤츠,5,6,Mercedes-Benz GLS580 4MATIC,441155825,3453475
2026-06-08 12:00:27,2497,기아,5,8.7,봉고 1톤 일반덤프 4X4장축 킹캡(MT)(22),441155826,2051121
2026-06-08 12:00:27,1497,케이지모빌리티,4,11.2,토레스 가솔린 1.5 AT 2WD 저공해3종 17인치 타이어,441155838,1850076
2026-06-08 12:00:25,1497,케이지모빌리티,4,11.1,토레스 가솔린 1.5 AT 2WD 저공해3종 18인치 타이어,441155839,1866743
2026-06-08 12:00:27,1497,케이지모빌리티,4,10.2,토레스 가솔린 1.5 AT 4WD 저공해3종 18인치 타이어,441155840,2031456
2026-06-08 12:00:27,1998,현대,4,10.4,G70 슈팅브레이크 2.0T-GDI 2WD 18인치타이어,441155841,1992389
2026-06-08 12:00:27,1998,현대,4,9.6,G70 슈팅브레이크 2.0T-GDI AWD 18인치(빌트인캠),441155842,2158422
2026-06-08 12:00:27,1998,현대,4,9.7,G70 슈팅브레이크 2.0T-GDI AWD 18인치타이어,441155843,2136170
2026-06-08 12:00:27,1998,현대,4,9.9,G70 슈팅브레이크 2.0T-GDI 2WD 19인치(썸머),441155844,2093015
2026-06-08 12:00:26,1998,현대,4,10.2,G70 슈팅브레이크 2.0T-GDI 2WD 19인치(올시즌),441155845,2031456
2026-06-08 12:00:25,1998,현대,5,9.1,G70 슈팅브레이크 2.0T-GDI AWD 19인치(썸머),441155846,2277016
2026-06-08 12:00:25,1998,현대,4,9.4,G70 슈팅브레이크 2.0T-GDI AWD 19인치(올시즌),441155847,2204346
2026-06-08 12:00:25,5035,포드,5,7.5,Mustang GT 5.0 Coupe,441155851,2762780
2026-06-08 12:00:25,1984,아우디,4,10.6,A4 45 TFSI quattro,441155852,1954797
2026-06-08 12:00:25,1995,BMW,2,15,BMW 320d,441155859,1189650
2026-06-08 12:00:25,1995,BMW,3,13.5,BMW 320d xDrive,441155860,1321833
2026-06-08 12:00:25,1995,BMW,2,14.2,BMW 320d Touring,441155861,1256673
2026-06-08 12:00:25,3496,포드,5,7.2,Expedition 3.5L,441155892,2877896
2026-06-08 12:00:08,3996,아우디,5,7.4,A8 L 60 TFSI quattro,441155894,2800115
2026-06-08 12:00:25,1999,기아,3,12.1,셀토스(PE) 2.0 가솔린 4WD 16 인치 (빌트인캠),441155901,1712467
2026-06-08 12:00:25,1999,기아,4,11.3,셀토스(PE) 2.0 가솔린 4WD 18 인치,441155902,1833704
2026-06-08 12:00:25,1984,아우디,4,10.5,Q5 45 TFSI quattro,441155904,1973414
2026-06-08 12:00:27,0,(주)진우에스엠씨,901,4.5,포텐스,441155909,976333
2026-06-08 12:00:27,1341,한국지엠,3,12.6,"트레일블레이저 1.35 TURBO FWD (17"" non-S&S)",441155911,1644512
2026-06-08 12:00:27,1598,기아,3,12.5,셀토스(PE) 1.6T-GDI 2WD 16인치 (빌트인캠),441155913,1657668
2026-06-08 12:00:08,1598,기아,3,11.8,셀토스(PE) 1.6T-GDI 4WD 16인치,441155915,1756004
2026-06-08 12:00:25,1598,기아,3,12.8,셀토스(PE) 1.6T-GDI 2WD 16인치,441155920,1618816
2026-06-08 12:00:26,3996,아우디,5,6.7,SQ7 TFSI,441155921,3092664
2026-06-08 12:00:27,0,현대,3,4.8,아이오닉6 항속형 AWD 20인치,441155932,915313
2026-06-08 12:00:25,3496,포드,5,7.2,Lincoln Navigator 3.5L (8인승),441155935,2877896
2026-06-08 12:00:27,2967,아우디,4,10.6,Q7 45 TDI quattro,441155939,1683467
2026-06-08 12:00:27,2967,아우디,4,10.6,Q7 45 TDI quattro,441155940,1683467
2026-06-08 12:00:07,0,(주)루트17,5,3.1,다니고C,441155942,1417258
2026-06-08 12:00:07,1341,한국지엠,3,11.6,트레일블레이저 1.35 TURBO AWD,441155943,1786280
2026-06-08 12:00:07,3996,람보르기니,5,6.4,URUS S,441155947,3237633
2026-06-08 12:00:07,2999,벤츠,4,9.7,Mercedes-Benz E450 4MATIC,441155952,2136170
2026-06-08 12:00:07,2999,벤츠,4,9.7,Mercedes-Benz E450 4MATIC Coupe,441155953,2136170
2026-06-08 12:00:07,1998,르노코리아자동차(주),5,8.9,"QM6 2.0 LPLi (18"" Tire)",441155955,1332792
2026-06-08 12:00:27,2998,BMW,4,10.4,BMW M340i,441155969,1992389
2026-06-08 12:00:27,2998,BMW,4,9.6,BMW M340i xDrive Touring,441155970,2158422
2026-06-08 12:00:27,3996,람보르기니,5,6.4,URUS S,441155971,3237633
2026-06-08 12:00:27,6496,페라리,5,5.7,페라리 812 Competizione A,441155980,3635237
2026-06-08 12:00:27,1995,BMW,2,14.5,BMW 320d,441155981,1230672
2026-06-08 12:00:27,3996,람보르기니,5,6.5,URUS Performante,441155984,3187823
2026-06-08 12:00:08,2998,BMW,4,10.7,BMW 740i,441155985,1936528
2026-06-08 12:00:08,5204,람보르기니,5,6.2,Huracan Tecnica,441155994,3342073
2026-06-08 12:00:27,3745,포르쉐,5,6.7,911 터보 S 카브리올레,441155995,3092664
2026-06-08 12:00:08,0,BMW,4,3.7,BMW i7 xDrive60,441155997,1187432
2026-06-08 12:00:10,1499,PSA Automobiles,2,15.8,Peugeot 3008 1.5 BlueHDi,441155999,1129415
2026-06-08 12:00:27,1969,볼보,4,9.9,볼보 XC60B5 AWD,441156000,2093015
2026-06-08 12:00:27,1998,BMW,4,11.2,BMW 320i,441156004,1850076
2026-06-08 12:00:26,4395,BMW,5,6.9,BMW X7 M60i xDrive,441156007,3003022
2026-06-08 12:00:26,1995,마세라티,4,9.8,마세라티 그레칼레 모데나,441156011,2114372
2026-06-08 12:00:10,2992,마세라티,5,7.1,마세라티 MC20 Cielo,441156016,2918430
2026-06-08 12:00:25,6496,페라리,5,5.1,페라리 푸로산게,441156019,4062912
2026-06-08 12:00:10,1969,볼보,4,9.9,볼보 S90B6 AWD,441156021,2093015
2026-06-08 12:00:10,2999,벤츠,4,9.6,Mercedes-Benz S450 4MATIC,441156023,2158422
2026-06-08 12:00:10,2967,아우디,4,11,Q7 50 TDI quattro,441156034,1622250
2026-06-08 12:00:25,2487,토요타,1,17.1,토요타 Camry Hybrid,441156037,1211746
2026-06-08 12:00:25,2999,벤츠,5,8.2,Mercedes-AMG GT43 4MATIC +,441156049,2526933
2026-06-08 12:00:10,1991,벤츠,5,8.8,Mercedes-AMG A45 4MATIC +,441156050,2354642
2026-06-08 12:00:25,3470,현대,4,10.1,그랜저(GN7) 3.5 GDI 2WD 19인치,441156054,2051569
2026-06-08 12:00:10,3470,현대,4,9.7,그랜저(GN7) 3.5 GDI 2WD 20인치,441156056,2136170
2026-06-08 12:00:10,3470,현대,4,9.5,그랜저(GN7) 3.5 GDI AWD 18인치,441156057,2181142
2026-06-08 12:00:06,3470,현대,5,9.2,그랜저(GN7) 3.5 GDI AWD 19인치,441156058,2252266
2026-06-08 12:00:06,3470,현대,5,9,그랜저(GN7) 3.5 GDI AWD 20인치,441156059,2302317
2026-06-08 12:00:08,2497,현대,3,11.7,그랜저(GN7) 2.5 GDI 18인치,441156060,1771013
2026-06-08 12:00:08,2497,현대,4,11.4,그랜저(GN7) 2.5 GDI 19인치,441156061,1817618
2026-06-08 12:00:25,1499,PSA Automobiles,1,16.1,Peugeot 5008 1.5 BlueHDi,441156065,1108370
2026-06-08 12:00:08,6749,롤스로이스,5,5.8,Rolls Royce Phantom,441156074,3572560
2026-06-08 12:00:08,6749,롤스로이스,5,5.8,Rolls Royce Phantom EWB,441156075,3572560
2026-06-08 12:00:08,6749,롤스로이스,5,5.8,Rolls Royce Phantom EWB,441156076,3572560
2026-06-08 12:00:26,3996,벤틀리,5,7.1,Bentayga V8,441156077,2918430
2026-06-08 12:00:08,0,아우디,3,4.2,Q4 Sportback e-tron 40,441156083,1046071
2026-06-08 12:00:27,1498,혼다,3,12.1,CR-V 2WD,441156086,1712467
2026-06-08 12:00:27,3470,현대,5,7.4,그랜저(GN7) 3.5 LPI 19인치,441156090,1602953
2026-06-08 12:00:27,3470,현대,5,7.3,그랜저(GN7) 3.5 LPI 20인치,441156091,1624911
2026-06-08 12:00:27,1598,현대,1,18,그랜저 1.6T-GDI 하이브리드 6AT 18인치,441156092,1151158
2026-06-08 12:00:08,0,벤츠,5,3.2,Mercedes-AMG EQS53 4MATIC +,441156095,1372969
2026-06-08 12:00:27,1995,크라이슬러,5,7.4,짚 랭글러 루비콘,441156103,2800115
2026-06-08 12:00:08,2999,벤츠,5,8.1,Mercedes-AMG GLE53 4MATIC + Coupe,441156105,2558130
2026-06-08 12:00:25,1598,르노코리아자동차(주),1,17,XM3 하이브리드 18인치,441156108,1218874
2026-06-08 12:00:25,3604,크라이슬러,5,6.2,짚 글래디에이터,441156109,3342073
2026-06-08 12:00:07,2999,벤츠,5,7.9,Mercedes-AMG GLE53 4MATIC +,441156116,2622892
2026-06-08 12:00:25,1991,벤츠,5,8.4,Mercedes-AMG GLA45 4MATIC +,441156119,2466768
2026-06-08 12:00:27,0,BYD,5,2.6,T4K,441156120,1689808
2026-06-08 12:00:08,0,Brilliance Shineray,3,4.4,이티4밴,441156123,998523
2026-06-08 12:00:25,0,아우디,5,3,Q8 50 e-tron quattro,441156127,1464500
2026-06-08 12:00:25,3996,포르쉐,5,6.5,카이엔 터보,441156131,3187823
2026-06-08 12:00:26,5980,벤츠,5,5.8,Mercedes-Maybach S680 4MATIC,441156136,3572560
2026-06-08 12:00:26,3470,현대,5,8.8,G90 3.5T-GDI 2WD 4인 20인치(HDP),441156139,2354642
2026-06-08 12:00:25,3470,현대,5,8.2,G90 e-S/C 3.5T-GDI AWD 4인 21인치(HDP),441156141,2526933
2026-06-08 12:00:10,3470,현대,5,8.5,G90 e-S/C 3.5T-GDI 2WD 4인 21인치(HDP),441156142,2437747
2026-06-08 12:00:08,3470,현대,5,8.8,G90 e-S/C 3.5T-GDI 2WD 4인 20인치(HDP),441156143,2354642
2026-06-08 12:00:26,3470,현대,5,8.1,G90 e-S/C 3.5T-GDI(LONGWHEELBASE)AWD4인20인치(HDP),441156144,2558130
2026-06-08 12:00:25,3470,현대,5,8,G90 3.5T-GDI AWD 5인 19인치(HDP),441156149,2590106
2026-06-08 12:00:07,3470,현대,5,8.8,G90 3.5T-GDI 2WD 5인 20인치(HDP),441156150,2354642
2026-06-08 12:00:07,3470,현대,5,8.8,G90 3.5T-GDI 2WD 4인 19인치(HDP),441156151,2354642
2026-06-08 12:00:07,3982,벤츠,5,6.6,Mercedes-Benz GLS580 4MATIC,441156158,3139523
2026-06-08 12:00:06,0,BMW,4,3.7,BMW iX xDrive50,441156163,1187432
2026-06-08 12:00:07,0,BMW,3,4.2,BMW iX1 xDrive30,441156164,1046071
2026-06-08 12:00:07,1598,현대,3,12.2,코나(SX2) 1.6T-GDI 2WD 18/19인치,441156175,1698430
2026-06-08 12:00:08,1598,현대,3,13,코나(SX2) 1.6T-GDI 2WD 17인치,441156176,1593912
2026-06-08 12:00:07,1199,한국지엠,3,12,트랙스 1.2터보 19인치,441156177,1726738
2026-06-08 12:00:07,0,벤츠,3,4.9,Mercedes-Benz EQA250,441156182,896633
2026-06-08 12:00:08,2997,랜드로버,4,9.9,디펜더 130 D300,441156183,1802500
2026-06-08 12:00:25,2993,BMW,5,8.1,BMW M3 Competition Touring M xDrive,441156184,2558130
2026-06-08 12:00:25,1996,포드,4,10.1,Ranger Wildtrak,441156186,1766807
2026-06-08 12:00:25,1199,한국지엠,3,12.7,트랙스 1.2터보 17인치,441156189,1631563
2026-06-08 12:00:07,2993,BMW,5,8.5,BMW M2,441156202,2437747
2026-06-08 12:00:25,4395,BMW,803,10,BMW XM,441156204,2072085
2026-06-08 12:00:25,2999,벤츠,803,13.8,Mercedes-Benz S580 e 4MATIC,441156207,1501511
2026-06-08 12:00:07,0,BMW,4,3.4,BMW iX M60,441156210,1292206
2026-06-08 12:00:08,2998,BMW,4,10.2,BMW Z4 M40i,441156213,2031456
2026-06-08 12:00:07,2998,BMW,803,15,BMW 750e xDrive,441156225,1381390
2026-06-08 12:00:08,0,DongfengLiuzhou Motor,5,3.3,테라밴키즈11,441156234,1331364
2026-06-08 12:00:08,1997,랜드로버,5,8,디스커버리 P300,441156238,2590106
2026-06-08 12:00:08,1580,현대,1,18.1,코나(SX2) 1.6GDI 하이브리드 18인치,441156241,1144798
2026-06-08 12:00:08,0,장조우 닛산,4,3.4,젤라 피이백,441156247,1292206
2026-06-08 12:00:08,2995,포르쉐,5,7.5,카이엔 COUPE (5인승),441156248,2762780
2026-06-08 12:00:07,2487,토요타,2,14,렉서스 NX350h,441156251,1480061
2026-06-08 12:00:08,0,케이지모빌리티,3,4.8,코란도 e-motion 2WD Heat Pump,441156253,915313
2026-06-08 12:00:07,1598,현대,2,14.3,아반떼(PE) 1.6 가솔린 17인치 타이어,441156255,1449010
2026-06-08 12:00:07,1598,현대,2,14.8,아반떼(PE) 1.6 가솔린 16인치 타이어,441156256,1400057
2026-06-08 12:00:07,1598,현대,2,14.6,아반떼(PE) 1.6 가솔린 16인치 타이어(빌트인캠),441156257,1419236
2026-06-08 12:00:07,1598,현대,2,15.3,아반떼(PE) 1.6 가솔린 15인치 타이어,441156258,1354304
2026-06-08 12:00:25,0,벤츠,4,3.8,Mercedes-Benz EQE500 4MATIC SUV,441156260,1156184
2026-06-08 12:00:08,3996,벤틀리,5,7.1,Flying Spur S,441156264,2918430
2026-06-08 12:00:08,3996,벤틀리,5,7.1,Flying Spur V8,441156265,2918430
2026-06-08 12:00:08,3996,벤틀리,5,7.1,Flying Spur S,441156266,2918430
2026-06-08 12:00:25,0,(주)루트17,4,3.4,다니고C2,441156268,1292206
2026-06-08 12:00:08,2487,토요타,803,19.4,렉서스 RX450h+,441156269,1068085
2026-06-08 12:00:08,2995,포르쉐,5,7.5,카이엔 COUPE,441156270,2762780
2026-06-08 12:00:08,3471,혼다,5,8.4,PILOT,441156272,2466768
2026-06-08 12:00:08,1591,현대,4,10.3,아반떼(PE) 1.6LPI 16인치 타이어,441156282,1151636
2026-06-08 12:00:07,1591,현대,4,10.5,아반떼(PE) 1.6LPI 15인치 타이어,441156283,1129700
2026-06-08 12:00:08,1580,현대,1,19.2,아반떼(PE) 1.6GDI하이브리드 17인치타이어,441156285,1079211
2026-06-08 12:00:08,1580,현대,1,21.1,아반떼(PE) 1.6GDI하이브리드 16인치 타이어,441156287,982031
2026-06-08 12:00:08,3996,포르쉐,5,6.5,카이엔 터보 GT,441156290,3187823
2026-06-08 12:00:08,0,현대,2,5.5,코나(SX2) 일렉트릭(항속형) 17인치,441156291,798818
2026-06-08 12:00:27,1598,현대,3,13.2,쏘나타(DN8) 개조 1.6 T-GDI 17인치타이어(빌트인캠),441156307,1569761
2026-06-08 12:00:08,1999,현대,3,12.3,쏘나타(DN8) 개조 2.0CVVL_17인치 타이어(빌트인캠),441156313,1684622
2026-06-08 12:00:26,1999,현대,3,11.7,쏘나타(DN8) 개조 2.0CVVL_19인치 타이어,441156315,1771013
2026-06-08 12:00:26,1999,현대,3,12,쏘나타(DN8) 개조 2.0CVVL_18인치 타이어,441156316,1726738
2026-06-08 12:00:27,1999,현대,4,9.6,쏘나타(DN8) 개조 2.0LPI_16인치타이어,441156317,1235609
2026-06-08 12:00:26,1999,현대,4,9.4,쏘나타(DN8) 개조 2.0LPI_18인치타이어,441156319,1261899
2026-06-08 12:00:07,0,테슬라코리아 유한회사,4,4.1,Model S Plaid,441156324,1071585
2026-06-08 12:00:08,0,테슬라코리아 유한회사,3,4.2,Model X AWD,441156327,1046071
2026-06-08 12:00:08,0,테슬라코리아 유한회사,3,4.2,Model X AWD,441156328,1046071
2026-06-08 12:00:08,0,테슬라코리아 유한회사,4,3.8,Model X Plaid,441156329,1156184
2026-06-08 12:00:27,0,기아,4,3.9,EV9 4WD 21인치 7인,441156331,1126538
2026-06-08 12:00:26,2497,현대,4,10.9,G70(IK PE2) 2.5T-GDI 2WD 19인치(올시즌),441156351,1900995
2026-06-08 12:00:26,2497,현대,4,9.9,G70(IK PE2) 2.5T-GDI S/B AWD 19인치(올시즌),441156359,2093015
2026-06-08 12:00:26,2996,랜드로버,803,10.5,더 뉴 레인지로버 P510e SWB,441156362,1973414
2026-06-08 12:00:06,0,기아,4,4.1,EV9 2WD 20인치 6인,441156365,1071585
2026-06-08 12:00:27,2993,BMW,3,11.6,BMW X5 xDrive30d,441156367,1538341
2026-06-08 12:00:26,2993,BMW,3,11.9,BMW X6 xDrive30d M Sport,441156381,1499559
2026-06-08 12:00:27,4395,BMW,5,7.5,BMW X5 M60i xDrive,441156383,2762780
2026-06-08 12:00:26,4395,BMW,5,7.8,BMW X6 M60i xDrive,441156384,2656519
2026-06-08 12:00:26,0,기아,4,3.8,EV9 4WD 19인치 6인,441156389,1156184
2026-06-08 12:00:26,2487,토요타,1,17.2,토요타 Crown Hybrid,441156390,1204701
2026-06-08 12:00:08,2999,벤츠,5,8.5,Mercedes-Benz GLE 450 4MATIC,441156394,2437747
2026-06-08 12:00:26,2999,벤츠,5,8,Mercedes-AMG GLE 53 4MATIC + Coupe,441156397,2590106
2026-06-08 12:00:26,1987,토요타,803,27.5,토요타 Prius PHEV,441156401,753485
2026-06-08 12:00:07,2999,벤츠,5,8.5,Mercedes-Benz GLE 450 4MATIC(5seater),441156405,2437747
2026-06-08 12:00:07,2999,벤츠,5,8,Mercedes-AMG GLE 53 4MATIC +,441156406,2590106
2026-06-08 12:00:08,0,기아,4,3.8,EV9 GTL 4WD 21인치 7인,441156413,1156184
2026-06-08 12:00:26,1993,벤츠,4,11.4,Mercedes-Benz GLE 300 d 4MATIC,441156418,1565329
2026-06-08 12:00:06,NULL,현대,수소전지차,96.2,넥쏘 17인치 24MY,441156420,0
2026-06-08 12:00:26,NULL,현대,수소전지차,93.7,넥쏘 19인치 24MY,441156429,0
2026-06-08 12:00:27,3778,현대,5,8.5,팰리세이드(PE) 3.8GDI AWD 7인 20인치(24MY),441156436,2437747
2026-06-08 12:00:07,1598,현대,3,12.5,투싼 1.6T-GDI 2WD 7DCT 17/18인치(23),441156456,1657668
2026-06-08 12:00:10,1598,기아,1,16.3,스포티지 1.6T-GDI HEV 2WD(빌트인캠)_24MY,441156484,1271218
2026-06-08 12:00:10,1998,기아,2,14.5,스포티지 2.0디젤 2WD 8AT 17인치_24MY,441156485,1230672
2026-06-08 12:00:10,1998,기아,2,13.9,스포티지 2.0디젤 2WD 8AT 18인치_24MY,441156486,1283795
2026-06-08 12:00:10,1998,기아,2,13.8,스포티지 2.0디젤 2WD 8AT 18인치 (빌트인캠)_24MY,441156487,1293098
2026-06-08 12:00:10,1998,기아,2,14,스포티지 2.0디젤 2WD 8AT 19인치_24MY,441156488,1274625
2026-06-08 12:00:10,1998,기아,3,12.9,스포티지 2.0디젤 4WD 8AT 18인치_24MY,441156492,1383314
2026-06-08 12:00:10,1998,기아,3,12.8,스포티지 2.0디젤 4WD 8AT 18인치 (빌트인캠)_24MY,441156493,1394121
2026-06-08 12:00:10,1999,기아,5,9.1,스포티지 2.0 LPI 18인치_24MY,441156498,1303500
2026-06-08 12:00:10,1999,기아,5,8.8,스포티지 2.0 LPI 19인치 (빌트인캠) _24MY,441156499,1347938
2026-06-08 12:00:10,1999,기아,5,9,스포티지 2.0 LPI 19인치_24MY,441156500,1317983
2026-06-08 12:00:10,998,기아,000,14.7,모닝(JA PE2)_1.0가솔린_16인치타이어,441156501,1409582
2026-06-08 12:00:10,0,아우디,5,2.6,SQ8 Sportback e-tron,441156507,1689808
2026-06-08 12:00:08,0,아우디,3,4.8,Q4 Sportback 40 e-tron,441156510,915313
2026-06-08 12:00:10,0,지리쓰촨상용차 유한회사,4,3.8,SE-A2밴,441156519,1156184
2026-06-08 12:00:07,2151,현대,3,13.5,GV70 2.2디젤 2WD 18인치 (빌트인캠)(24MY),441156520,1321833
2026-06-08 12:00:07,2151,현대,3,13.2,GV70 2.2디젤 2WD 19인치 (스포츠패키지)(24MY),441156521,1351875
2026-06-08 12:00:25,2497,현대,4,10.7,GV70 2.5T-GDI 2WD 18인치(24MY),441156535,1936528
2026-06-08 12:00:27,2497,현대,4,9.8,GV70 2.5T-GDI 2WD 21인치(24MY),441156540,2114372
2026-06-08 12:00:27,0,폴스타,2,5.1,Polestar 2 Long Range Single Motor,441156547,861471
2026-06-08 12:00:25,6162,한국지엠,5,6.6,GMC Sierra,441156548,3139523
2026-06-08 12:00:25,0,기아,2,5.1,레이 EV,441156549,861471
2026-06-08 12:00:27,2487,토요타,3,13.5,토요타 Alphard Hybrid,441156552,1534878
2026-06-08 12:00:27,2999,벤츠,5,9.1,Mercedes-Benz S 500 4MATIC,441156553,2277016
2026-06-08 12:00:27,0,기아,2,5.1,레이 EV 밴 1인승,441156555,861471
2026-06-08 12:00:27,1993,혼다,1,18.1,ACCORD HYBRID,441156556,1144798
2026-06-08 12:00:27,2497,기아,4,10.8,쏘렌토(PE) 2.5T-GDI 2WD 5인 18인치,441156559,1918597
2026-06-08 12:00:27,2497,기아,4,10.1,쏘렌토(PE) 2.5T-GDI 2WD 6인 20인치,441156565,2051569
2026-06-08 12:00:27,2497,기아,4,10.1,쏘렌토(PE) 2.5T-GDI 2WD 5인 20인치,441156566,2051569
2026-06-08 12:00:27,2497,기아,4,10.6,쏘렌토(PE) 2.5T-GDI 2WD 7인 18인치(빌트인캠),441156567,1954797
2026-06-08 12:00:27,0,폴스타,3,4.3,Polestar 2 Long Range Dual Motor,441156574,1021744
2026-06-08 12:00:27,2497,현대,4,9.7,싼타페(MX5) 2.5T-GDI AWD 5인 21인치타이어,441156576,2136170
2026-06-08 12:00:27,2497,현대,4,9.4,싼타페(MX5) 2.5T-GDI AWD 6/7인 21인치타이어,441156577,2204346
2026-06-08 12:00:08,3982,벤츠,5,8,Mercedes-Maybach S 580,441156591,2590106
2026-06-08 12:00:27,2497,현대,4,9.4,싼타페(MX5) 2.5T-GDI AWD 7인 20인치타이어,441156598,2204346
2026-06-08 12:00:27,2497,현대,4,10,싼타페(MX5) 2.5T-GDI 2WD 6/7인 20인치타이어,441156599,2072085
2026-06-08 12:00:27,2151,기아,3,13.7,쏘렌토(PE) 2.2디젤 2WD 7인 18인치(빌트인캠),441156602,1302536
2026-06-08 12:00:08,2151,기아,2,14.3,쏘렌토(PE) 2.2디젤 2WD 5인 18인치,441156603,1247885
2026-06-08 12:00:27,2151,기아,3,13.2,쏘렌토(PE) 2.2디젤 2WD 5인 20인치,441156606,1351875
2026-06-08 12:00:27,2151,기아,3,12.6,쏘렌토(PE) 2.2디젤 4WD 6인 20인치,441156607,1416250
2026-06-08 12:00:25,1598,기아,2,14.8,쏘렌토(PE) 1.6T-GDI 하이브리드 2WD 7인 18인치,441156616,1400057
2026-06-08 12:00:25,1598,기아,2,13.8,쏘렌토(PE) 1.6T-GDI 하이브리드 4WD 7인 18인치,441156617,1501511
2026-06-08 12:00:27,1598,기아,2,15.7,쏘렌토(PE) 1.6T-GDI 하이브리드 2WD 5인 18인치,441156618,1319799
2026-06-08 12:00:25,1598,기아,2,15.3,쏘렌토(PE) 1.6T-GDI HEV 2WD 5인 18인치(빌트인캠),441156619,1354304
2026-06-08 12:00:25,1598,기아,2,15.3,쏘렌토(PE) 1.6T-GDI HEV 2WD 5인 17인치(빌트인캠),441156630,1354304
2026-06-08 12:00:08,0,BMW,4,4.1,BMW i5 eDrive40,441156633,1071585
2026-06-08 12:00:27,0,볼보,3,4.6,볼보 C40 Recharge Twin,441156635,955109
2026-06-08 12:00:27,5980,벤츠,5,6,Mercedes-Maybach S 680,441156638,3453475
2026-06-08 12:00:08,2996,랜드로버,5,8.9,레인지로버 벨라 P400,441156642,2328185
2026-06-08 12:00:27,1995,크라이슬러,5,7.6,짚 랭글러 루비콘,441156644,2726428
2026-06-08 12:00:27,1995,크라이슬러,5,7.5,짚 랭글러 루비콘,441156645,2762780
2026-06-08 12:00:08,1998,BMW,3,12.1,BMW 520i,441156650,1712467
2026-06-08 12:00:27,0,현대,3,4.3,G80 Electrified 24MY,441156652,1021744
2026-06-08 12:00:27,1991,벤츠,5,9.2,Mercedes-AMG CLA 45 S 4MATIC +,441156656,2252266
2026-06-08 12:00:27,1984,아우디,3,12.5,A3 40 TFSI quattro,441156665,1657668
2026-06-08 12:00:26,0,BMW,5,3.3,BMW i7 M70 xDrive,441156667,1331364
2026-06-08 12:00:08,1499,PSA Automobiles,2,15.6,Peugeot 508 1.5 BlueHDi,441156669,1143894
2026-06-08 12:00:08,0,볼보,3,4.4,볼보 XC40 Recharge Twin,441156670,998523
2026-06-08 12:00:08,1998,BMW,4,10.7,BMW X1 xDrive20i,441156672,1936528
2026-06-08 12:00:26,2497,현대,5,8.5,"GV80 개조 2.5T AWD 19"" 6/7인",441156713,2437747
2026-06-08 12:00:26,2497,현대,5,8.3,"GV80 개조 2.5T AWD 20""/22""",441156714,2496488
2026-06-08 12:00:26,2497,현대,5,8.9,"GV80 개조 2.5T 2WD 20""/22""",441156715,2328185
2026-06-08 12:00:27,2497,현대,5,8.2,GV80 개조 2.5T AWD 쿠페,441156718,2526933
2026-06-08 12:00:25,3470,현대,5,8.6,"GV80 개조 3.5T 2WD 20"" 5인 빌트인캠 미장착",441156719,2409401
2026-06-08 12:00:25,3470,현대,5,8.4,"GV80 개조 3.5T 2WD 20"" 5인 빌트인캠 장착",441156720,2466768
2026-06-08 12:00:25,3470,현대,5,8.2,"GV80 개조 3.5T 2WD 20"" 6/7인",441156721,2526933
2026-06-08 12:00:25,0,벤츠,4,3.6,Mercedes-AMG EQE 53 4MATIC +(Race Start +),441156727,1220417
2026-06-08 12:00:27,0,닛산,5,0.7,111,441156739,6276429
2026-06-08 12:00:27,2261,포드,4,9.6,Mustang 2.3L Coupe,441156740,2158422
2026-06-08 12:00:27,1999,벤츠,803,11.8,Mercedes-Benz GLE 400 e 4MATIC Coupe,441156746,1756004
2026-06-08 12:00:27,1984,폭스바겐,5,8.6,Atlas TSI,441156748,2409401
2026-06-08 12:00:26,1598,기아,3,13.7,K5 PE 1.6T-GDI 17인치(빌트인캠 미장착),441156751,1512471
2026-06-08 12:00:26,1598,기아,3,13,K5 PE 1.6T-GDI 18인치(빌트인캠 장착),441156753,1593912
2026-06-08 12:00:27,1598,기아,3,12.3,K5 PE 1.6T-GDI 19인치(빌트인캠 장착),441156754,1684622
2026-06-08 12:00:27,1999,기아,3,12.6,K5 PE 2.0CVVL 17인치(빌트인캠 미장착),441156756,1644512
2026-06-08 12:00:26,1999,기아,3,12.2,K5 PE 2.0CVVL 18인치(빌트인캠 장착),441156758,1698430
2026-06-08 12:00:26,1999,기아,4,9.8,K5 PE 2.0LPI 17인치(빌트인캠),441156760,1210393
2026-06-08 12:00:27,1993,벤츠,2,15.4,Mercedes-Benz E 220 d 4MATIC,441156765,1158750
2026-06-08 12:00:07,1969,볼보,803,16.8,볼보 XC60T8 AWD,441156769,1233384
2026-06-08 12:00:27,1991,벤츠,3,12.2,Mercedes-Benz A 220,441156776,1698430
2026-06-08 12:00:27,1969,볼보,4,10.2,볼보 S90B6 AWD,441156778,2031456
2026-06-08 12:00:25,0,폴스타,2,5.2,Polestar 2 Standard Range Single Motor,441156805,844904
2026-06-08 12:00:25,1999,기아,1,18.2,"K5 PE 하이브리드 2.0GDI 17""(C)",441156812,1138508
2026-06-08 12:00:25,3470,기아,5,8.7,"카니발(KA4 PE) 3.5GDI 하이리무진 7인 19""",441156823,2381707
2026-06-08 12:00:25,1598,기아,3,13.7,"카니발(KA4 PE) HEV 1.6T-GDI 9인 18""(C)",441156834,1512471
2026-06-08 12:00:25,3996,벤틀리,5,6.6,Flying Spur V8,441156860,3139523
2026-06-08 12:00:25,2469,현대,5,6.8,포터 2.5T-LPDi 2WD 초장축 6MT 더블캡,441156877,1744390
2026-06-08 12:00:25,3470,현대,5,8.3,GV80 e-S/C 3.5T-GDI 20인치(nC),441156921,2496488
2026-06-08 12:00:25,4395,랜드로버,5,7.8,더 뉴 레인지로버 P530 LWB,441156958,2656519
2026-06-08 12:00:25,4395,랜드로버,5,7.8,더 뉴 레인지로버 P530 SWB,441156960,2656519
2026-06-08 12:00:25,2967,아우디,4,10.7,Q7 45 TDI quattro,441156963,1667734
2026-06-08 12:00:25,2996,랜드로버,5,7.2,디펜더 90 P400,441156970,2877896
2026-06-08 12:00:25,0,샹하이완샹오토모바일,4,3.7,썬라이즈-T01,441156972,1187432
